id,match_id,team_id,player_id,position_id,shirt_number,total_scoring_att,ontarget_scoring_att,goals,goal_assist,total_att_assist,total_contest,won_contest,fouls,was_fouled,total_clearance,saves,won_tackle,total_tackle,accurate_pass,total_pass,mins_played,modify_time,player_name_cn,scoring_percent,sl_team_id,position_cn,position_long_cn,player_name_en,position_en,config_match_id,nationality
1074310,2041883,369,17745,1,1,0,0,0,0,0,0,0,0,0,0,0,0,0,6,10,90,210614 235901,舒梅切尔,0.0%,932,门,门将,Kasper Schmeichel,GK,236752,Denmark
1074314,2041883,369,135363,2,6,0,0,0,0,0,1,1,1,0,2,0,0,2,73,75,90,210614 235901,克里斯滕森,0.0%,932,卫,后卫,Andreas Christensen,Defender,236752,Denmark
1074313,2041883,369,56624,2,18,2,1,0,0,2,0,0,1,2,0,0,0,2,53,64,75,210614 235901,沃斯,50%,932,卫,后卫,Daniel Wass,Middle,236752,Denmark
1074312,2041883,369,48714,2,4,0,0,0,0,0,0,0,0,1,1,0,1,2,34,44,63,210614 235901,克亚尔,0.0%,932,卫,后卫,Simon Kjaer,Defender,236752,Denmark
1074311,2041883,369,229220,2,5,2,0,0,0,1,3,1,0,1,0,0,0,0,72,81,90,210614 235901,梅勒,0%,932,卫,后卫,Joakim Maehle,Defender,236752,Denmark
1074316,2041883,369,80607,3,10,2,1,0,0,2,1,0,0,0,0,0,0,0,23,26,43,210614 235901,埃里克森,50%,932,中,中场,Christian Eriksen,Middle,236752,Denmark
1074315,2041883,369,132015,3,23,2,2,0,0,3,0,0,1,0,0,0,1,1,78,90,90,210614 235901,霍伊别尔,100%,932,中,中场,Pierre-Emile Højbjerg,Middle,236752,Denmark
1074317,2041883,369,68640,3,8,3,0,0,0,2,0,0,2,2,1,0,1,1,41,49,76,210614 235901,德莱尼,0%,932,中,中场,Thomas Delaney,Middle,236752,Denmark
1074320,2041883,369,226973,4,19,4,1,0,0,2,0,0,0,0,1,0,0,1,12,12,63,210614 235901,乔纳斯-温德,25%,932,锋,前锋,Jonas Wind,Forward,236752,Denmark
1074319,2041883,369,166028,4,20,1,0,0,0,4,1,0,2,2,0,0,1,1,22,27,90,210614 235901,鲍尔森,0%,932,锋,前锋,Yussuf Poulsen,Forward,236752,Denmark
1074318,2041883,369,68690,4,9,2,0,0,0,3,3,1,1,3,0,0,1,1,37,44,90,210614 235901,布莱斯维特,0%,932,锋,前锋,Martin Braithwaite,Forward,236752,Denmark
1074328,2041883,369,209914,5,12,0,0,0,0,0,0,0,0,0,0,0,0,0,0,0,0,210614 235901,多尔贝里,0.0%,932,替,替补,Kasper Dolberg,Forward,236752,Denmark
1074321,2041883,369,207283,5,24,1,0,0,0,0,0,0,1,0,0,0,0,0,41,48,47,210614 235901,延森,0%,932,替,替补,Mathias Jensen,Middle,236752,Denmark
1074323,2041883,369,430368,5,11,0,0,0,0,0,1,0,0,1,0,0,1,1,11,13,27,210614 235901,奥尔森,0.0%,932,替,替补,Andreas Skov Olsen,Forward,236752,Denmark
1074332,2041883,369,440089,5,14,0,0,0,0,0,0,0,0,0,0,0,0,0,1,1,0,210614 235901,达姆斯加德,0.0%,932,替,替补,Mikkel Damsgaard,Middle,236752,Denmark
1074327,2041883,369,174874,5,2,0,0,0,0,0,0,0,0,0,0,0,0,0,0,0,0,210614 235901,J-安德森,0.0%,932,替,替补,Joachim Andersen,Defender,236752,Denmark
1074331,2041883,369,57513,5,16,0,0,0,0,0,0,0,0,0,0,0,0,0,0,0,0,210614 235901,洛斯尔,0.0%,932,替,替补,Jonas Lössl,GK,236752,Denmark
1074326,2041883,369,68659,5,17,0,0,0,0,1,0,0,0,0,0,0,0,0,12,15,15,210614 235901,斯特里格,0.0%,932,替,替补,Jens Stryger Larsen,Defender,236752,Denmark
1074325,2041883,369,80398,5,26,0,0,0,0,0,0,0,0,0,0,0,0,0,0,0,0,210614 235901,博伊莱森,0.0%,932,替,替补,Nicolai Boilesen,Defender,236752,Denmark
1074329,2041883,369,93100,5,3,2,1,0,0,0,0,0,1,0,0,0,0,0,22,26,27,210614 235901,维斯特加德,50%,932,替,替补,Jannik Vestergaard,Defender,236752,Denmark
1074330,2041883,369,114517,5,21,1,0,0,0,0,0,0,1,0,0,0,0,0,6,7,14,210614 235901,卡利纳斯,0%,932,替,替补,Andreas Cornelius,Forward,236752,Denmark
1074324,2041883,369,128295,5,15,0,0,0,0,0,0,0,0,0,0,0,0,0,0,0,0,210614 235901,诺加德,0.0%,932,替,替补,Christian Nørgaard,Middle,236752,Denmark
1074322,2041883,369,89628,5,22,0,0,0,0,0,0,0,0,0,0,0,0,0,0,0,0,210614 235901,容诺夫,0.0%,932,替,替补,Frederik Rønnow,GK,236752,Denmark
1074955,2041896,369,17745,1,1,0,0,0,0,0,0,0,0,0,1,2,0,0,10,15,90,210618 075901,舒梅切尔,0.0%,932,门,门将,Kasper Schmeichel,GK,236765,Denmark
1074958,2041896,369,56624,2,18,2,1,0,0,0,1,0,1,2,2,0,1,2,23,28,62,210618 075901,沃斯,50%,932,卫,后卫,Daniel Wass,Middle,236765,Denmark
1074959,2041896,369,135363,2,6,0,0,0,0,0,0,0,1,0,1,0,1,1,53,57,90,210618 075901,克里斯滕森,0.0%,932,卫,后卫,Andreas Christensen,Defender,236765,Denmark
1074957,2041896,369,93100,2,3,1,1,0,0,0,0,0,1,2,2,0,1,2,34,39,84,210618 075901,维斯特加德,100%,932,卫,后卫,Jannik Vestergaard,Defender,236765,Denmark
1074956,2041896,369,48714,2,4,0,0,0,0,0,1,0,2,0,2,0,3,4,33,38,90,210618 075901,克亚尔,0.0%,932,卫,后卫,Simon Kjaer,Defender,236765,Denmark
1074960,2041896,369,229220,2,5,3,2,0,0,4,4,2,0,2,0,0,1,1,40,45,90,210618 075901,梅勒,66.7%,932,卫,后卫,Joakim Maehle,Defender,236765,Denmark
1074962,2041896,369,440089,3,14,3,0,0,0,2,7,5,1,2,0,0,0,2,23,32,72,210618 075901,达姆斯加德,0%,932,中,中场,Mikkel Damsgaard,Middle,236765,Denmark
1074963,2041896,369,68640,3,8,2,0,0,0,1,0,0,0,0,0,0,0,3,40,49,72,210618 075901,德莱尼,0%,932,中,中场,Thomas Delaney,Middle,236765,Denmark
1074961,2041896,369,132015,3,23,1,0,0,1,4,5,5,0,0,0,0,0,0,69,81,90,210618 075901,霍伊别尔,0%,932,中,中场,Pierre-Emile Højbjerg,Middle,236765,Denmark
1074964,2041896,369,68690,4,9,7,1,0,0,2,0,0,0,3,0,0,0,0,17,21,90,210618 075901,布莱斯维特,14.3%,932,锋,前锋,Martin Braithwaite,Forward,236765,Denmark
1074965,2041896,369,166028,4,20,1,1,1,0,1,0,0,0,2,0,0,0,0,13,17,62,210618 075901,鲍尔森,100%,932,锋,前锋,Yussuf Poulsen,Forward,236765,Denmark
1074974,2041896,369,48760,5,13,0,0,0,0,0,0,0,0,0,0,0,0,0,0,0,0,210618 075901,赞卡,0.0%,932,替,替补,Zanka,Defender,236765,Denmark
1074967,2041896,369,174874,5,2,0,0,0,0,0,0,0,0,0,0,0,0,0,0,0,0,210618 075901,J-安德森,0.0%,932,替,替补,Joachim Andersen,Defender,236765,Denmark
1074975,2041896,369,207283,5,24,1,0,0,0,1,1,1,1,0,0,0,0,0,17,20,18,210618 075901,延森,0%,932,替,替补,Mathias Jensen,Middle,236765,Denmark
1074972,2041896,369,209914,5,12,0,0,0,0,0,0,0,0,0,0,0,0,0,0,0,0,210618 075901,多尔贝里,0.0%,932,替,替补,Kasper Dolberg,Forward,236765,Denmark
1074966,2041896,369,226973,5,19,0,0,0,0,0,0,0,0,0,0,0,0,0,0,0,0,210618 075901,乔纳斯-温德,0.0%,932,替,替补,Jonas Wind,Forward,236765,Denmark
1074969,2041896,369,430368,5,11,0,0,0,0,1,2,1,0,1,0,0,0,0,4,4,6,210618 075901,奥尔森,0.0%,932,替,替补,Andreas Skov Olsen,Forward,236765,Denmark
1074970,2041896,369,57513,5,16,0,0,0,0,0,0,0,0,0,0,0,0,0,0,0,0,210618 075901,洛斯尔,0.0%,932,替,替补,Jonas Lössl,GK,236765,Denmark
1074971,2041896,369,89628,5,22,0,0,0,0,0,0,0,0,0,0,0,0,0,0,0,0,210618 075901,容诺夫,0.0%,932,替,替补,Frederik Rønnow,GK,236765,Denmark
1074973,2041896,369,68659,5,17,0,0,0,0,0,0,0,0,0,0,0,0,0,9,11,28,210618 075901,斯特里格,0.0%,932,替,替补,Jens Stryger Larsen,Defender,236765,Denmark
1074976,2041896,369,114517,5,21,1,0,0,0,1,1,1,1,0,0,0,0,0,4,7,18,210618 075901,卡利纳斯,0%,932,替,替补,Andreas Cornelius,Forward,236765,Denmark
1074977,2041896,369,128295,5,15,0,0,0,0,0,0,0,0,0,0,0,0,0,25,25,28,210618 075901,诺加德,0.0%,932,替,替补,Christian Nørgaard,Middle,236765,Denmark
1074968,2041896,369,162037,5,7,0,0,0,0,0,0,0,0,0,0,0,0,0,0,0,0,210618 075901,斯科夫,0.0%,932,替,替补,Robert Skov,Forward,236765,Denmark
1075530,2041907,369,17745,1,1,0,0,0,0,0,0,0,0,0,0,1,0,0,17,31,90,210622 105901,舒梅切尔,0.0%,932,门,门将,Kasper Schmeichel,GK,236778,Denmark
1075533,2041907,369,93100,2,3,2,1,0,0,1,1,0,2,0,4,0,1,1,58,66,90,210622 105901,维斯特加德,50%,932,卫,后卫,Jannik Vestergaard,Defender,236778,Denmark
1075532,2041907,369,135363,2,6,3,2,1,0,0,0,0,0,3,2,0,0,2,54,63,90,210622 105901,克里斯滕森,66.7%,932,卫,后卫,Andreas Christensen,Defender,236778,Denmark
1075531,2041907,369,48714,2,4,2,1,0,0,1,0,0,0,1,3,0,0,2,50,56,90,210622 105901,克亚尔,50%,932,卫,后卫,Simon Kjaer,Defender,236778,Denmark
1075536,2041907,369,68640,3,8,0,0,0,0,1,0,0,5,0,2,0,0,0,43,49,86,210622 105901,德莱尼,0.0%,932,中,中场,Thomas Delaney,Middle,236778,Denmark
1075535,2041907,369,56624,3,18,0,0,0,0,2,0,0,0,2,1,0,1,1,26,31,60,210622 105901,沃斯,0.0%,932,中,中场,Daniel Wass,Middle,236778,Denmark
1075537,2041907,369,229220,3,5,2,2,1,0,0,9,5,2,1,1,0,0,0,36,48,90,210622 105901,梅勒,100%,932,中,中场,Joakim Maehle,Defender,236778,Denmark
1075534,2041907,369,132015,3,23,3,1,0,2,2,3,2,0,1,0,0,0,0,50,57,90,210622 105901,霍伊别尔,33.3%,932,中,中场,Pierre-Emile Højbjerg,Middle,236778,Denmark
1075540,2041907,369,440089,4,14,1,1,1,0,0,4,1,1,1,0,0,0,0,18,26,72,210622 105901,达姆斯加德,100%,932,锋,前锋,Mikkel Damsgaard,Middle,236778,Denmark
1075538,2041907,369,166028,4,20,2,1,1,0,0,0,0,3,0,0,0,0,0,9,16,60,210622 105901,鲍尔森,50%,932,锋,前锋,Yussuf Poulsen,Forward,236778,Denmark
1075539,2041907,369,68690,4,9,1,1,0,0,0,3,2,0,2,0,0,0,0,17,20,85,210622 105901,布莱斯维特,100%,932,锋,前锋,Martin Braithwaite,Forward,236778,Denmark
1075547,2041907,369,128295,5,15,0,0,0,0,0,0,0,0,0,1,0,0,0,7,8,18,210622 105901,诺加德,0.0%,932,替,替补,Christian Nørgaard,Middle,236778,Denmark
1075544,2041907,369,57513,5,16,0,0,0,0,0,0,0,0,0,0,0,0,0,0,0,0,210622 105901,洛斯尔,0.0%,932,替,替补,Jonas Lössl,GK,236778,Denmark
1075545,2041907,369,226973,5,19,0,0,0,0,0,0,0,0,0,0,0,0,0,0,0,0,210622 105901,乔纳斯-温德,0.0%,932,替,替补,Jonas Wind,Forward,236778,Denmark
1075543,2041907,369,430368,5,11,0,0,0,0,0,0,0,0,0,0,0,0,0,0,0,0,210622 105901,奥尔森,0.0%,932,替,替补,Andreas Skov Olsen,Forward,236778,Denmark
1075550,2041907,369,209914,5,12,0,0,0,0,0,2,1,2,3,0,0,0,0,4,6,30,210622 105901,多尔贝里,0.0%,932,替,替补,Kasper Dolberg,Forward,236778,Denmark
1075546,2041907,369,207283,5,24,0,0,0,0,0,1,0,1,0,0,0,0,0,7,8,4,210622 105901,延森,0.0%,932,替,替补,Mathias Jensen,Middle,236778,Denmark
1075541,2041907,369,48760,5,13,0,0,0,0,0,0,0,0,0,0,0,0,0,0,0,0,210622 105901,赞卡,0.0%,932,替,替补,Zanka,Defender,236778,Denmark
1075542,2041907,369,89628,5,22,0,0,0,0,0,0,0,0,0,0,0,0,0,0,0,0,210622 105901,容诺夫,0.0%,932,替,替补,Frederik Rønnow,GK,236778,Denmark
1075549,2041907,369,162037,5,7,0,0,0,0,0,0,0,0,0,0,0,0,0,0,0,0,210622 105901,斯科夫,0.0%,932,替,替补,Robert Skov,Forward,236778,Denmark
1075551,2041907,369,114517,5,21,0,0,0,0,0,1,0,0,0,0,0,1,1,3,4,5,210622 105901,卡利纳斯,0.0%,932,替,替补,Andreas Cornelius,Forward,236778,Denmark
1075548,2041907,369,68659,5,17,0,0,0,0,2,2,1,0,0,0,0,0,0,8,10,30,210622 105901,斯特里格,0.0%,932,替,替补,Jens Stryger Larsen,Defender,236778,Denmark
1075552,2041907,369,174874,5,2,0,0,0,0,0,0,0,0,0,0,0,0,0,0,0,0,210622 105901,J-安德森,0.0%,932,替,替补,Joachim Andersen,Defender,236778,Denmark
1076358,2041918,369,17745,1,1,0,0,0,0,1,0,0,0,0,0,1,0,0,16,21,90,210627 075901,舒梅切尔,0.0%,932,门,门将,Kasper Schmeichel,GK,238847,Denmark
1076359,2041918,369,93100,2,3,2,1,0,0,0,1,1,2,0,3,0,1,1,52,59,90,210627 075901,维斯特加德,50%,932,卫,后卫,Jannik Vestergaard,Defender,238847,Denmark
1076361,2041918,369,135363,2,6,0,0,0,0,1,0,0,1,0,2,0,1,1,18,23,90,210627 075901,克里斯滕森,0.0%,932,卫,后卫,Andreas Christensen,Defender,238847,Denmark
1076360,2041918,369,48714,2,4,0,0,0,0,0,0,0,0,1,2,0,1,1,51,56,77,210627 075901,克亚尔,0.0%,932,卫,后卫,Simon Kjaer,Defender,238847,Denmark
1076365,2041918,369,132015,3,23,1,0,0,0,0,1,0,0,1,3,0,0,0,51,56,90,210627 075901,霍伊别尔,0%,932,中,中场,Pierre-Emile Højbjerg,Middle,238847,Denmark
1076362,2041918,369,229220,3,5,2,2,1,0,0,6,3,1,2,3,0,1,2,31,38,90,210627 075901,梅勒,100%,932,中,中场,Joakim Maehle,Defender,238847,Denmark
1076363,2041918,369,68659,3,17,0,0,0,0,2,1,1,0,0,0,0,0,0,35,45,77,210627 075901,斯特里格,0.0%,932,中,中场,Jens Stryger Larsen,Defender,238847,Denmark
1076364,2041918,369,68640,3,8,0,0,0,0,0,0,0,1,0,0,0,1,1,20,26,60,210627 075901,德莱尼,0.0%,932,中,中场,Thomas Delaney,Middle,238847,Denmark
1076366,2041918,369,440089,4,14,1,0,0,1,3,2,2,0,1,0,0,0,0,15,18,60,210627 075901,达姆斯加德,0%,932,锋,前锋,Mikkel Damsgaard,Middle,238847,Denmark
1076368,2041918,369,209914,4,12,4,3,2,0,0,2,2,2,2,0,0,1,2,9,13,70,210627 075901,多尔贝里,75%,932,锋,前锋,Kasper Dolberg,Forward,238847,Denmark
1076367,2041918,369,68690,4,9,3,1,1,0,1,4,2,1,1,1,0,0,0,24,32,90,210627 075901,布莱斯维特,33.3%,932,锋,前锋,Martin Braithwaite,Forward,238847,Denmark
1076373,2041918,369,57513,5,16,0,0,0,0,0,0,0,0,0,0,0,0,0,0,0,0,210627 075901,洛斯尔,0.0%,932,替,替补,Jonas Lössl,GK,238847,Denmark
1076379,2041918,369,48760,5,13,0,0,0,0,0,0,0,0,0,0,0,0,0,0,0,0,210627 075901,赞卡,0.0%,932,替,替补,Zanka,Defender,238847,Denmark
1076369,2041918,369,128295,5,15,0,0,0,0,0,0,0,0,1,1,0,0,0,13,15,30,210627 075901,诺加德,0.0%,932,替,替补,Christian Nørgaard,Middle,238847,Denmark
1076378,2041918,369,226973,5,19,0,0,0,0,0,0,0,0,0,0,0,0,0,0,0,0,210627 075901,乔纳斯-温德,0.0%,932,替,替补,Jonas Wind,Forward,238847,Denmark
1076377,2041918,369,430368,5,11,0,0,0,0,0,0,0,0,0,0,0,0,0,0,0,0,210627 075901,奥尔森,0.0%,932,替,替补,Andreas Skov Olsen,Forward,238847,Denmark
1076371,2041918,369,114517,5,21,2,1,0,1,1,5,5,0,1,0,0,0,0,6,7,20,210627 075901,卡利纳斯,50%,932,替,替补,Andreas Cornelius,Forward,238847,Denmark
1076374,2041918,369,76466,5,25,0,0,0,0,0,0,0,0,0,0,0,0,0,0,0,0,210627 075901,克里斯蒂安森,0.0%,932,替,替补,Anders Christiansen,Middle,238847,Denmark
1076370,2041918,369,89628,5,22,0,0,0,0,0,0,0,0,0,0,0,0,0,0,0,0,210627 075901,容诺夫,0.0%,932,替,替补,Frederik Rønnow,GK,238847,Denmark
1076372,2041918,369,162037,5,7,0,0,0,0,0,0,0,0,0,0,0,0,0,0,0,0,210627 075901,斯科夫,0.0%,932,替,替补,Robert Skov,Forward,238847,Denmark
1076376,2041918,369,80398,5,26,0,0,0,0,0,0,0,0,0,0,0,0,0,1,2,13,210627 075901,博伊莱森,0.0%,932,替,替补,Nicolai Boilesen,Defender,238847,Denmark
1076380,2041918,369,174874,5,2,1,1,0,0,0,0,0,0,0,1,0,0,0,3,3,13,210627 075901,J-安德森,100%,932,替,替补,Joachim Andersen,Defender,238847,Denmark
1076375,2041918,369,207283,5,24,0,0,0,1,2,0,0,0,1,1,0,0,1,15,16,30,210627 075901,延森,0.0%,932,替,替补,Mathias Jensen,Middle,238847,Denmark
1077774,2041927,369,17745,1,1,0,0,0,0,0,0,0,0,0,1,4,0,0,18,30,90,210704 075901,舒梅切尔,0.0%,932,门,门将,Kasper Schmeichel,GK,239129,Denmark
1077776,2041927,369,135363,2,6,0,0,0,0,0,0,0,1,0,2,0,1,2,29,37,81,210704 075901,克里斯滕森,0.0%,932,卫,后卫,Andreas Christensen,Defender,239129,Denmark
1077775,2041927,369,93100,2,3,0,0,0,0,1,0,0,0,0,5,0,0,0,23,34,90,210704 075901,维斯特加德,0.0%,932,卫,后卫,Jannik Vestergaard,Defender,239129,Denmark
1077777,2041927,369,48714,2,4,0,0,0,0,0,0,0,1,1,8,0,1,1,14,18,90,210704 075901,克亚尔,0.0%,932,卫,后卫,Simon Kjaer,Defender,239129,Denmark
1077778,2041927,369,229220,3,5,1,1,0,1,2,1,0,0,1,0,0,0,0,24,27,90,210704 075901,梅勒,100%,932,中,中场,Joakim Maehle,Defender,239129,Denmark
1077780,2041927,369,132015,3,23,0,0,0,0,1,3,2,1,0,1,0,3,3,36,46,90,210704 075901,霍伊别尔,0.0%,932,中,中场,Pierre-Emile Højbjerg,Middle,239129,Denmark
1077781,2041927,369,68640,3,8,2,1,1,0,0,1,1,1,1,3,0,2,2,20,30,81,210704 075901,德莱尼,50%,932,中,中场,Thomas Delaney,Middle,239129,Denmark
1077779,2041927,369,68659,3,17,0,0,0,1,2,0,0,0,0,4,0,0,0,24,30,71,210704 075901,斯特里格,0.0%,932,中,中场,Jens Stryger Larsen,Defender,239129,Denmark
1077782,2041927,369,440089,4,14,2,2,0,0,0,1,1,2,2,0,0,1,2,17,22,60,210704 075901,达姆斯加德,100%,932,锋,前锋,Mikkel Damsgaard,Middle,239129,Denmark
1077783,2041927,369,209914,4,12,2,1,1,0,1,0,0,1,0,2,0,0,0,16,20,59,210704 075901,多尔贝里,50%,932,锋,前锋,Kasper Dolberg,Forward,239129,Denmark
1077784,2041927,369,68690,4,9,1,0,0,0,1,3,2,3,1,0,0,0,0,28,32,90,210704 075901,布莱斯维特,0%,932,锋,前锋,Martin Braithwaite,Forward,239129,Denmark
1077789,2041927,369,174874,5,2,0,0,0,0,0,0,0,0,0,2,0,0,0,3,3,9,210704 075901,J-安德森,0.0%,932,替,替补,Joachim Andersen,Defender,239129,Denmark
1077793,2041927,369,430368,5,11,0,0,0,0,0,0,0,0,0,0,0,0,0,0,0,0,210704 075901,奥尔森,0.0%,932,替,替补,Andreas Skov Olsen,Forward,239129,Denmark
1077796,2041927,369,207283,5,24,0,0,0,0,0,0,0,0,0,0,0,0,1,3,5,9,210704 075901,延森,0.0%,932,替,替补,Mathias Jensen,Middle,239129,Denmark
1077785,2041927,369,226973,5,19,0,0,0,0,0,0,0,0,0,0,0,0,0,0,0,0,210704 075901,乔纳斯-温德,0.0%,932,替,替补,Jonas Wind,Forward,239129,Denmark
1077791,2041927,369,166028,5,20,3,2,0,0,1,1,1,0,0,0,0,0,1,7,14,31,210704 075901,鲍尔森,66.7%,932,替,替补,Yussuf Poulsen,Forward,239129,Denmark
1077786,2041927,369,162037,5,7,0,0,0,0,0,0,0,0,0,0,0,0,0,0,0,0,210704 075901,斯科夫,0.0%,932,替,替补,Robert Skov,Forward,239129,Denmark
1077794,2041927,369,48760,5,13,0,0,0,0,0,0,0,0,0,0,0,0,0,0,0,0,210704 075901,赞卡,0.0%,932,替,替补,Zanka,Defender,239129,Denmark
1077790,2041927,369,56624,5,18,0,0,0,0,1,0,0,0,0,3,0,0,1,6,9,19,210704 075901,沃斯,0.0%,932,替,替补,Daniel Wass,Middle,239129,Denmark
1077788,2041927,369,57513,5,16,0,0,0,0,0,0,0,0,0,0,0,0,0,0,0,0,210704 075901,洛斯尔,0.0%,932,替,替补,Jonas Lössl,GK,239129,Denmark
1077787,2041927,369,89628,5,22,0,0,0,0,0,0,0,0,0,0,0,0,0,0,0,0,210704 075901,容诺夫,0.0%,932,替,替补,Frederik Rønnow,GK,239129,Denmark
1077792,2041927,369,114517,5,21,0,0,0,0,0,0,0,0,0,0,0,0,0,0,0,0,210704 075901,卡利纳斯,0.0%,932,替,替补,Andreas Cornelius,Forward,239129,Denmark
1077795,2041927,369,128295,5,15,0,0,0,0,1,1,1,0,1,0,0,0,0,16,18,30,210704 075901,诺加德,0.0%,932,替,替补,Christian Nørgaard,Middle,239129,Denmark
1074402,2041887,114,111234,1,1,0,0,0,0,0,0,0,0,0,0,2,0,0,21,36,90,210614 045901,皮克福德,0.0%,922,门,门将,Jordan Pickford,GK,236755,England
1074406,2041887,114,77794,2,12,1,0,0,0,1,2,1,1,0,0,0,1,2,56,65,90,210614 045901,特里皮尔,0%,922,卫,后卫,Kieran Trippier,Defender,236755,England
1074404,2041887,114,149484,2,15,0,0,0,0,1,0,0,0,1,3,0,0,0,56,62,90,210614 045901,明斯,0.0%,922,卫,后卫,Tyrone Mings,Defender,236755,England
1074403,2041887,114,58621,2,2,0,0,0,0,0,0,0,0,0,2,0,0,0,29,37,90,210614 045901,凯尔沃克,0.0%,922,卫,后卫,Kyle Walker,Defender,236755,England
1074405,2041887,114,97299,2,5,0,0,0,0,0,0,0,0,1,0,0,1,1,54,59,90,210614 045901,斯通斯,0.0%,922,卫,后卫,John Stones,Defender,236755,England
1074411,2041887,114,155405,3,14,1,1,0,1,1,3,2,3,1,0,0,1,1,31,33,90,210614 045901,卡尔文-菲利普斯,100%,922,中,中场,Kalvin Phillips,Middle,236755,England
1074410,2041887,114,184341,3,19,1,0,0,0,1,3,1,0,2,0,0,0,2,26,28,90,210614 045901,芒特,0%,922,中,中场,Mason Mount,Middle,236755,England
1074408,2041887,114,204480,3,4,0,0,0,0,0,0,0,1,0,2,0,0,1,42,48,90,210614 045901,莱斯,0.0%,922,中,中场,Declan Rice,Middle,236755,England
1074409,2041887,114,209244,3,20,1,0,0,0,0,1,0,1,0,0,0,0,0,21,22,71,210614 045901,菲尔福登,0%,922,中,中场,Phil Foden,Middle,236755,England
1074407,2041887,114,103955,3,10,3,1,1,0,1,4,1,2,1,0,0,1,1,30,38,89,210614 045901,斯特林,33.3%,922,中,中场,Raheem Sterling,Forward,236755,England
1074412,2041887,114,78830,4,9,1,0,0,0,0,1,0,0,2,0,0,1,2,10,16,82,210614 045901,凯恩,0%,922,锋,前锋,Harry Kane,Forward,236755,England
1074422,2041887,114,198869,5,22,0,0,0,0,0,0,0,0,0,0,0,0,0,0,0,0,210614 045901,本怀特,0.0%,922,替,替补,Ben White,Defender,236755,England
1074420,2041887,114,244855,5,26,0,0,0,0,0,0,0,1,1,0,0,0,1,4,5,8,210614 045901,贝林厄姆,0.0%,922,替,替补,Jude Bellingham,Middle,236755,England
1074416,2041887,114,225796,5,24,0,0,0,0,0,0,0,0,0,0,0,0,0,0,0,0,210614 045901,里斯-詹姆斯,0.0%,922,替,替补,Reece James,Defender,236755,England
1074417,2041887,114,223340,5,25,0,0,0,0,0,0,0,0,0,0,0,0,0,0,0,0,210614 045901,布卡约-萨卡,0.0%,922,替,替补,Bukayo Saka,Middle,236755,England
1074424,2041887,114,177815,5,18,0,0,0,0,0,0,0,0,0,0,0,0,0,0,1,1,210614 045901,卡尔弗特-勒温,0.0%,922,替,替补,Dominic Calvert-Lewin,Forward,236755,England
1074413,2041887,114,176297,5,11,0,0,0,0,0,1,1,0,0,0,0,0,0,1,4,19,210614 045901,拉什福德,0.0%,922,替,替补,Marcus Rashford,Forward,236755,England
1074421,2041887,114,94147,5,16,0,0,0,0,0,0,0,0,0,0,0,0,0,0,0,0,210614 045901,考迪,0.0%,922,替,替补,Conor Coady,Defender,236755,England
1074423,2041887,114,101982,5,23,0,0,0,0,0,0,0,0,0,0,0,0,0,0,0,0,210614 045901,约翰斯通,0.0%,922,替,替补,Sam Johnstone,GK,236755,England
1074414,2041887,114,106760,5,3,0,0,0,0,0,0,0,0,0,0,0,0,0,0,0,0,210614 045901,卢克肖,0.0%,922,替,替补,Luke Shaw,Defender,236755,England
1074418,2041887,114,114283,5,7,0,0,0,0,0,0,0,0,0,0,0,0,0,0,0,0,210614 045901,格里利什,0.0%,922,替,替补,Jack Grealish,Middle,236755,England
1074419,2041887,114,172649,5,13,0,0,0,0,0,0,0,0,0,0,0,0,0,0,0,0,210614 045901,亨德森,0.0%,922,替,替补,Jordan Henderson,Middle,236755,England
1074415,2041887,114,56979,5,8,0,0,0,0,0,0,0,0,0,0,0,0,0,0,0,0,210614 045901,亨德森,0.0%,922,替,替补,Jordan Henderson,Middle,236755,England
1075139,2041900,114,111234,1,1,0,0,0,0,0,0,0,0,0,2,1,0,0,15,24,90,210619 105901,皮克福德,0.0%,922,门,门将,Jordan Pickford,GK,236769,England
1075141,2041900,114,149484,2,15,0,0,0,0,0,0,0,1,1,3,0,1,1,55,64,90,210619 105901,明斯,0.0%,922,卫,后卫,Tyrone Mings,Defender,236769,England
1075140,2041900,114,97299,2,5,1,0,0,0,0,1,1,1,0,3,0,0,0,64,67,90,210619 105901,斯通斯,0%,922,卫,后卫,John Stones,Defender,236769,England
1075142,2041900,114,106760,2,3,1,0,0,0,2,0,0,1,1,0,0,2,2,68,74,90,210619 105901,卢克肖,0%,922,卫,后卫,Luke Shaw,Defender,236769,England
1075143,2041900,114,225796,2,24,1,0,0,0,2,0,0,0,0,0,0,0,0,80,81,90,210619 105901,里斯-詹姆斯,0%,922,卫,后卫,Reece James,Defender,236769,England
1075146,2041900,114,155405,3,14,0,0,0,0,0,1,0,2,1,0,0,1,1,47,55,90,210619 105901,卡尔文-菲利普斯,0.0%,922,中,中场,Kalvin Phillips,Middle,236769,England
1075144,2041900,114,184341,3,19,3,1,0,0,1,5,2,2,2,0,0,4,6,31,37,90,210619 105901,芒特,33.3%,922,中,中场,Mason Mount,Middle,236769,England
1075145,2041900,114,204480,3,4,1,1,0,0,0,1,0,1,0,0,0,1,1,61,65,90,210619 105901,莱斯,100%,922,中,中场,Declan Rice,Middle,236769,England
1075149,2041900,114,209244,4,20,1,0,0,0,1,4,3,2,2,0,0,0,0,24,30,63,210619 105901,菲尔福登,0%,922,锋,前锋,Phil Foden,Middle,236769,England
1075148,2041900,114,103955,4,10,0,0,0,0,1,3,2,2,0,0,0,1,1,25,27,90,210619 105901,斯特林,0.0%,922,锋,前锋,Raheem Sterling,Forward,236769,England
1075147,2041900,114,78830,4,9,2,0,0,0,1,1,1,1,2,0,0,0,0,7,11,74,210619 105901,凯恩,0%,922,锋,前锋,Harry Kane,Forward,236769,England
1075150,2041900,114,77794,5,12,0,0,0,0,0,0,0,0,0,0,0,0,0,0,0,0,210619 105901,特里皮尔,0.0%,922,替,替补,Kieran Trippier,Defender,236769,England
1075158,2041900,114,56979,5,8,0,0,0,0,0,0,0,0,0,0,0,0,0,0,0,0,210619 105901,亨德森,0.0%,922,替,替补,Jordan Henderson,Middle,236769,England
1075156,2041900,114,225321,5,13,0,0,0,0,0,0,0,0,0,0,0,0,0,0,0,0,210619 105901,拉姆斯戴尔,0.0%,922,替,替补,Aaron Ramsdale,GK,236769,England
1075153,2041900,114,209243,5,17,0,0,0,0,0,0,0,0,0,0,0,0,0,0,0,0,210619 105901,桑乔,0.0%,922,替,替补,Jadon Sancho,Forward,236769,England
1075152,2041900,114,114283,5,7,0,0,0,0,0,2,2,0,4,0,0,0,0,14,16,27,210619 105901,格里利什,0.0%,922,替,替补,Jack Grealish,Middle,236769,England
1075154,2041900,114,101982,5,23,0,0,0,0,0,0,0,0,0,0,0,0,0,0,0,0,210619 105901,约翰斯通,0.0%,922,替,替补,Sam Johnstone,GK,236769,England
1075159,2041900,114,95658,5,6,0,0,0,0,0,0,0,0,0,0,0,0,0,0,0,0,210619 105901,马奎尔,0.0%,922,替,替补,Harry Maguire,Defender,236769,England
1075161,2041900,114,94147,5,16,0,0,0,0,0,0,0,0,0,0,0,0,0,0,0,0,210619 105901,考迪,0.0%,922,替,替补,Conor Coady,Defender,236769,England
1075157,2041900,114,172850,5,21,0,0,0,0,0,0,0,0,0,0,0,0,0,0,0,0,210619 105901,奇尔维尔,0.0%,922,替,替补,Ben Chilwell,Defender,236769,England
1075160,2041900,114,176297,5,11,0,0,0,0,0,0,0,0,0,0,0,0,0,6,7,16,210619 105901,拉什福德,0.0%,922,替,替补,Marcus Rashford,Forward,236769,England
1075151,2041900,114,177815,5,18,0,0,0,0,0,0,0,0,0,0,0,0,0,0,0,0,210619 105901,卡尔弗特-勒温,0.0%,922,替,替补,Dominic Calvert-Lewin,Forward,236769,England
1075155,2041900,114,244855,5,26,0,0,0,0,0,0,0,0,0,0,0,0,0,0,0,0,210619 105901,贝林厄姆,0.0%,922,替,替补,Jude Bellingham,Middle,236769,England
1075706,2041912,114,111234,1,1,0,0,0,0,0,0,0,0,0,1,1,0,0,28,36,90,210623 105901,皮克福德,0.0%,922,门,门将,Jordan Pickford,GK,236781,England
1075707,2041912,114,106760,2,3,0,0,0,0,2,0,0,2,0,2,0,0,1,38,44,90,210623 105901,卢克肖,0.0%,922,卫,后卫,Luke Shaw,Defender,236781,England
1075709,2041912,114,97299,2,5,1,0,0,0,0,1,0,0,0,3,0,1,1,62,65,79,210623 105901,斯通斯,0%,922,卫,后卫,John Stones,Defender,236781,England
1075710,2041912,114,95658,2,6,0,0,0,0,1,1,1,0,0,2,0,0,0,62,71,90,210623 105901,马奎尔,0.0%,922,卫,后卫,Harry Maguire,Defender,236781,England
1075708,2041912,114,58621,2,2,0,0,0,0,0,0,0,0,1,2,0,0,0,50,59,90,210623 105901,凯尔沃克,0.0%,922,卫,后卫,Kyle Walker,Defender,236781,England
1075713,2041912,114,155405,3,14,0,0,0,0,0,0,0,2,1,0,0,0,1,41,49,90,210623 105901,卡尔文-菲利普斯,0.0%,922,中,中场,Kalvin Phillips,Middle,236781,England
1075712,2041912,114,103955,3,10,2,2,1,0,0,0,0,0,1,0,0,0,0,17,22,67,210623 105901,斯特林,100%,922,中,中场,Raheem Sterling,Forward,236781,England
1075711,2041912,114,204480,3,4,0,0,0,0,0,1,0,2,0,1,0,0,1,29,34,45,210623 105901,莱斯,0.0%,922,中,中场,Declan Rice,Middle,236781,England
1075715,2041912,114,114283,3,7,0,0,0,1,1,1,1,3,3,1,0,0,0,22,27,68,210623 105901,格里利什,0.0%,922,中,中场,Jack Grealish,Middle,236781,England
1075714,2041912,114,223340,3,25,0,0,0,0,0,6,4,0,2,1,0,1,1,24,28,84,210623 105901,布卡约-萨卡,0.0%,922,中,中场,Bukayo Saka,Middle,236781,England
1075716,2041912,114,78830,4,9,2,1,0,0,0,2,1,0,1,0,0,0,0,19,32,90,210623 105901,凯恩,50%,922,锋,前锋,Harry Kane,Forward,236781,England
1075717,2041912,114,198869,5,22,0,0,0,0,0,0,0,0,0,0,0,0,0,0,0,0,210623 105901,本怀特,0.0%,922,替,替补,Ben White,Defender,236781,England
1075726,2041912,114,56979,5,8,0,0,0,0,0,0,0,1,0,0,0,0,1,23,27,45,210623 105901,亨德森,0.0%,922,替,替补,Jordan Henderson,Middle,236781,England
1075724,2041912,114,209243,5,17,0,0,0,0,0,0,0,0,0,0,0,0,0,3,3,6,210623 105901,桑乔,0.0%,922,替,替补,Jadon Sancho,Forward,236781,England
1075718,2041912,114,77794,5,12,0,0,0,0,0,0,0,0,0,0,0,0,0,0,0,0,210623 105901,特里皮尔,0.0%,922,替,替补,Kieran Trippier,Defender,236781,England
1075728,2041912,114,225321,5,13,0,0,0,0,0,0,0,0,0,0,0,0,0,0,0,0,210623 105901,拉姆斯戴尔,0.0%,922,替,替补,Aaron Ramsdale,GK,236781,England
1075721,2041912,114,225796,5,24,0,0,0,0,0,0,0,0,0,0,0,0,0,0,0,0,210623 105901,里斯-詹姆斯,0.0%,922,替,替补,Reece James,Defender,236781,England
1075720,2041912,114,244855,5,26,0,0,0,0,0,0,0,0,1,0,0,1,1,7,7,22,210623 105901,贝林厄姆,0.0%,922,替,替补,Jude Bellingham,Middle,236781,England
1075719,2041912,114,101982,5,23,0,0,0,0,0,0,0,0,0,0,0,0,0,0,0,0,210623 105901,约翰斯通,0.0%,922,替,替补,Sam Johnstone,GK,236781,England
1075722,2041912,114,94147,5,16,0,0,0,0,0,0,0,0,0,0,0,0,0,0,0,0,210623 105901,考迪,0.0%,922,替,替补,Conor Coady,Defender,236781,England
1075725,2041912,114,149484,5,15,0,0,0,0,0,0,0,0,0,0,0,0,0,8,11,11,210623 105901,明斯,0.0%,922,替,替补,Tyrone Mings,Defender,236781,England
1075727,2041912,114,176297,5,11,0,0,0,0,0,3,2,1,0,0,0,0,0,9,11,23,210623 105901,拉什福德,0.0%,922,替,替补,Marcus Rashford,Forward,236781,England
1075723,2041912,114,177815,5,18,0,0,0,0,0,0,0,0,0,0,0,0,0,0,0,0,210623 105901,卡尔弗特-勒温,0.0%,922,替,替补,Dominic Calvert-Lewin,Forward,236781,England
1077026,2041924,114,111234,1,1,0,0,0,0,0,0,0,0,0,1,3,0,0,19,31,90,210630 075901,皮克福德,0.0%,922,门,门将,Jordan Pickford,GK,238997,England
1077028,2041924,114,97299,2,5,0,0,0,0,0,1,1,0,0,3,0,1,3,54,56,90,210630 075901,斯通斯,0.0%,922,卫,后卫,John Stones,Defender,238997,England
1077027,2041924,114,95658,2,6,2,1,0,0,0,1,1,2,2,4,0,0,1,44,50,90,210630 075901,马奎尔,50%,922,卫,后卫,Harry Maguire,Defender,238997,England
1077029,2041924,114,58621,2,2,0,0,0,0,0,0,0,1,1,4,0,0,0,52,61,90,210630 075901,凯尔沃克,0.0%,922,卫,后卫,Kyle Walker,Defender,238997,England
1077031,2041924,114,155405,3,14,0,0,0,0,0,0,0,2,0,2,0,0,0,45,55,90,210630 075901,卡尔文-菲利普斯,0.0%,922,中,中场,Kalvin Phillips,Middle,238997,England
1077030,2041924,114,204480,3,4,0,0,0,0,1,1,0,1,0,1,0,1,4,41,43,88,210630 075901,莱斯,0.0%,922,中,中场,Declan Rice,Middle,238997,England
1077032,2041924,114,106760,3,3,0,0,0,1,1,0,0,1,1,1,0,1,1,29,32,90,210630 075901,卢克肖,0.0%,922,中,中场,Luke Shaw,Defender,238997,England
1077033,2041924,114,77794,3,12,0,0,0,0,2,0,0,0,1,0,0,1,1,31,45,90,210630 075901,特里皮尔,0.0%,922,中,中场,Kieran Trippier,Defender,238997,England
1077036,2041924,114,103955,4,10,2,2,1,0,0,5,3,1,1,0,0,2,2,19,23,90,210630 075901,斯特林,100%,922,锋,前锋,Raheem Sterling,Forward,238997,England
1077034,2041924,114,78830,4,9,1,1,1,0,0,1,1,0,1,2,0,0,0,15,20,90,210630 075901,凯恩,100%,922,锋,前锋,Harry Kane,Forward,238997,England
1077035,2041924,114,223340,4,25,0,0,0,0,0,1,0,2,2,0,0,0,0,17,23,69,210630 075901,布卡约-萨卡,0.0%,922,锋,前锋,Bukayo Saka,Middle,238997,England
1077045,2041924,114,184341,5,19,0,0,0,0,0,0,0,0,0,0,0,0,0,0,0,0,210630 075901,芒特,0.0%,922,替,替补,Mason Mount,Middle,238997,England
1077039,2041924,114,225796,5,24,0,0,0,0,0,0,0,0,0,0,0,0,0,0,0,0,210630 075901,里斯-詹姆斯,0.0%,922,替,替补,Reece James,Defender,238997,England
1077038,2041924,114,225321,5,13,0,0,0,0,0,0,0,0,0,0,0,0,0,0,0,0,210630 075901,拉姆斯戴尔,0.0%,922,替,替补,Aaron Ramsdale,GK,238997,England
1077042,2041924,114,209243,5,17,0,0,0,0,0,0,0,0,0,0,0,0,0,0,0,0,210630 075901,桑乔,0.0%,922,替,替补,Jadon Sancho,Forward,238997,England
1077044,2041924,114,209244,5,20,0,0,0,0,0,0,0,0,0,0,0,0,0,0,0,0,210630 075901,菲尔福登,0.0%,922,替,替补,Phil Foden,Middle,238997,England
1077043,2041924,114,244855,5,26,0,0,0,0,0,0,0,0,0,0,0,0,0,0,0,0,210630 075901,贝林厄姆,0.0%,922,替,替补,Jude Bellingham,Middle,238997,England
1077037,2041924,114,176297,5,11,0,0,0,0,0,0,0,0,0,0,0,0,0,0,0,0,210630 075901,拉什福德,0.0%,922,替,替补,Marcus Rashford,Forward,238997,England
1077047,2041924,114,56979,5,8,0,0,0,0,0,0,0,0,0,2,0,0,0,0,0,2,210630 075901,亨德森,0.0%,922,替,替补,Jordan Henderson,Middle,238997,England
1077048,2041924,114,94147,5,16,0,0,0,0,0,0,0,0,0,0,0,0,0,0,0,0,210630 075901,考迪,0.0%,922,替,替补,Conor Coady,Defender,238997,England
1077040,2041924,114,101982,5,23,0,0,0,0,0,0,0,0,0,0,0,0,0,0,0,0,210630 075901,约翰斯通,0.0%,922,替,替补,Sam Johnstone,GK,238997,England
1077041,2041924,114,114283,5,7,0,0,0,1,1,0,0,1,0,0,0,0,0,5,6,21,210630 075901,格里利什,0.0%,922,替,替补,Jack Grealish,Middle,238997,England
1077046,2041924,114,149484,5,15,0,0,0,0,0,0,0,0,0,0,0,0,0,0,0,0,210630 075901,明斯,0.0%,922,替,替补,Tyrone Mings,Defender,238997,England
1077820,2041928,114,111234,1,1,0,0,0,0,0,0,0,0,0,0,2,0,0,13,20,90,210704 105901,皮克福德,0.0%,922,门,门将,Jordan Pickford,GK,239364,England
1077821,2041928,114,97299,2,5,0,0,0,0,0,1,1,0,0,2,0,0,1,93,98,90,210704 105901,斯通斯,0.0%,922,卫,后卫,John Stones,Defender,239364,England
1077823,2041928,114,95658,2,6,2,1,1,0,0,0,0,0,1,3,0,0,0,90,93,90,210704 105901,马奎尔,50%,922,卫,后卫,Harry Maguire,Defender,239364,England
1077822,2041928,114,106760,2,3,0,0,0,2,3,0,0,2,0,1,0,0,1,46,56,65,210704 105901,卢克肖,0.0%,922,卫,后卫,Luke Shaw,Defender,239364,England
1077824,2041928,114,58621,2,2,0,0,0,0,0,0,0,0,0,0,0,0,0,73,79,90,210704 105901,凯尔沃克,0.0%,922,卫,后卫,Kyle Walker,Defender,239364,England
1077828,2041928,114,184341,3,19,1,0,0,1,2,0,0,0,0,1,0,1,2,38,41,90,210704 105901,芒特,0%,922,中,中场,Mason Mount,Middle,239364,England
1077827,2041928,114,155405,3,14,0,0,0,0,1,0,0,0,0,0,0,0,0,24,27,65,210704 105901,卡尔文-菲利普斯,0.0%,922,中,中场,Kalvin Phillips,Middle,239364,England
1077829,2041928,114,209243,3,17,0,0,0,0,0,6,4,1,1,0,0,1,1,38,41,90,210704 105901,桑乔,0.0%,922,中,中场,Jadon Sancho,Forward,239364,England
1077825,2041928,114,204480,3,4,1,1,0,0,0,1,0,0,1,3,0,0,0,35,39,57,210704 105901,莱斯,100%,922,中,中场,Declan Rice,Middle,239364,England
1077826,2041928,114,103955,3,10,1,0,0,1,1,4,3,1,3,0,0,1,3,17,20,65,210704 105901,斯特林,0%,922,中,中场,Raheem Sterling,Forward,239364,England
1077830,2041928,114,78830,4,9,4,3,2,0,1,2,1,0,1,1,0,0,1,16,19,73,210704 105901,凯恩,75%,922,锋,前锋,Harry Kane,Forward,239364,England
1077839,2041928,114,225321,5,13,0,0,0,0,0,0,0,0,0,0,0,0,0,0,0,0,210704 105901,拉姆斯戴尔,0.0%,922,替,替补,Aaron Ramsdale,GK,239364,England
1077833,2041928,114,56979,5,8,1,1,1,0,0,0,0,0,1,0,0,0,0,40,43,33,210704 105901,亨德森,100%,922,替,替补,Jordan Henderson,Middle,239364,England
1077837,2041928,114,244855,5,26,0,0,0,0,0,4,2,0,0,0,0,0,0,10,11,25,210704 105901,贝林厄姆,0.0%,922,替,替补,Jude Bellingham,Middle,239364,England
1077836,2041928,114,77794,5,12,0,0,0,0,0,0,0,0,0,0,0,1,1,20,20,25,210704 105901,特里皮尔,0.0%,922,替,替补,Kieran Trippier,Defender,239364,England
1077832,2041928,114,101982,5,23,0,0,0,0,0,0,0,0,0,0,0,0,0,0,0,0,210704 105901,约翰斯通,0.0%,922,替,替补,Sam Johnstone,GK,239364,England
1077831,2041928,114,114283,5,7,0,0,0,0,0,0,0,0,0,0,0,0,0,0,0,0,210704 105901,格里利什,0.0%,922,替,替补,Jack Grealish,Middle,239364,England
1077835,2041928,114,94147,5,16,0,0,0,0,0,0,0,0,0,0,0,0,0,0,0,0,210704 105901,考迪,0.0%,922,替,替补,Conor Coady,Defender,239364,England
1077840,2041928,114,172850,5,21,0,0,0,0,0,0,0,0,0,0,0,0,0,0,0,0,210704 105901,奇尔维尔,0.0%,922,替,替补,Ben Chilwell,Defender,239364,England
1077842,2041928,114,176297,5,11,0,0,0,0,0,3,1,0,0,0,0,0,1,14,15,25,210704 105901,拉什福德,0.0%,922,替,替补,Marcus Rashford,Forward,239364,England
1077838,2041928,114,177815,5,18,0,0,0,0,0,0,0,0,0,1,0,0,0,2,2,17,210704 105901,卡尔弗特-勒温,0.0%,922,替,替补,Dominic Calvert-Lewin,Forward,239364,England
1077841,2041928,114,149484,5,15,0,0,0,0,0,0,0,0,0,0,0,0,0,0,0,0,210704 105901,明斯,0.0%,922,替,替补,Tyrone Mings,Defender,239364,England
1077834,2041928,114,209244,5,20,0,0,0,0,0,0,0,0,0,0,0,0,0,0,0,0,210704 105901,菲尔福登,0.0%,922,替,替补,Phil Foden,Middle,239364,England
1074241,2041881,119,204936,1,21,0,0,0,0,0,0,0,0,0,1,0,0,0,18,20,90,210612 105901,多纳鲁马,0.0%,926,门,门将,Gianluigi Donnarumma,GK,236750,Italy
1074244,2041881,119,18102,2,3,2,1,0,0,1,0,0,0,0,3,0,0,0,77,87,90,210612 105901,基耶里尼,50%,926,卫,后卫,Giorgio Chiellini,Defender,236750,Italy
1074242,2041881,119,97617,2,24,0,0,0,0,0,0,0,2,1,0,0,0,0,35,39,45,210612 105901,弗洛伦齐,0.0%,926,卫,后卫,Alessandro Florenzi,Defender,236750,Italy
1074243,2041881,119,84161,2,4,2,2,0,0,1,4,3,0,0,0,0,0,0,43,50,90,210612 105901,斯皮纳佐拉,100%,926,卫,后卫,Leonardo Spinazzola,Defender,236750,Italy
1074245,2041881,119,28277,2,19,2,0,0,0,0,0,0,0,0,0,0,0,0,55,61,90,210612 105901,博努奇,0%,926,卫,后卫,Leonardo Bonucci,Defender,236750,Italy
1074246,2041881,119,171387,3,5,1,1,0,0,1,0,0,3,0,0,0,2,2,48,55,74,210612 105901,洛卡特利,100%,926,中,中场,Manuel Locatelli,Middle,236750,Italy
1074247,2041881,119,171384,3,18,2,0,0,0,1,4,3,1,3,0,0,0,1,56,62,90,210612 105901,尼科洛-巴雷拉,0%,926,中,中场,Nicolò Barella,Middle,236750,Italy
1074248,2041881,119,85955,3,8,0,0,0,0,3,2,2,0,0,0,0,2,3,76,81,90,210612 105901,若日尼奥,0.0%,926,中,中场,Jorginho,Middle,236750,Italy
1074251,2041881,119,116796,4,11,4,0,0,0,5,0,0,0,2,0,0,0,0,32,42,85,210612 105901,贝拉尔迪,0%,926,锋,前锋,Domenico Berardi,Forward,236750,Italy
1074250,2041881,119,59046,4,17,6,2,1,1,2,1,1,0,1,0,0,0,1,18,23,81,210612 105901,因莫比莱,33.3%,926,锋,前锋,Ciro Immobile,Forward,236750,Italy
1074249,2041881,119,75592,4,10,5,2,1,0,3,2,0,0,0,0,0,0,0,40,54,81,210612 105901,因西涅,40%,926,锋,前锋,Lorenzo Insigne,Forward,236750,Italy
1074260,2041881,119,446969,5,22,0,0,0,0,0,0,0,0,0,0,0,0,0,0,0,0,210612 105901,拉斯帕多里,0.0%,926,替,替补,Giacomo Raspadori,Forward,236750,Italy
1074256,2041881,119,223541,5,14,0,0,0,0,0,0,0,0,1,0,0,0,0,1,1,9,210612 105901,基耶萨,0.0%,926,替,替补,Federico Chiesa,Forward,236750,Italy
1074254,2041881,119,432105,5,12,0,0,0,0,0,0,0,0,0,0,0,0,0,0,0,0,210612 105901,佩西纳,0.0%,926,替,替补,Matteo Pessina,Middle,236750,Italy
1074258,2041881,119,215977,5,23,0,0,0,0,0,0,0,0,0,0,0,0,0,0,0,0,210612 105901,巴斯托尼,0.0%,926,替,替补,Alessandro Bastoni,Defender,236750,Italy
1074261,2041881,119,84178,5,15,0,0,0,0,0,0,0,0,0,0,0,0,0,0,0,0,210612 105901,阿切尔比,0.0%,926,替,替补,Francesco Acerbi,Defender,236750,Italy
1074257,2041881,119,93661,5,2,0,0,0,0,0,0,0,2,1,0,0,1,1,21,23,45,210612 105901,迪洛伦佐,0.0%,926,替,替补,Giovanni Di Lorenzo,Defender,236750,Italy
1074253,2041881,119,109511,5,16,0,0,0,0,0,0,0,0,0,0,0,0,0,11,12,16,210612 105901,克里斯坦特,0.0%,926,替,替补,Bryan Cristante,Middle,236750,Italy
1074259,2041881,119,109533,5,13,0,0,0,0,0,0,0,0,0,0,0,0,0,0,0,0,210612 105901,埃默森,0.0%,926,替,替补,Emerson,Defender,236750,Italy
1074263,2041881,119,111722,5,9,0,0,0,0,0,1,0,0,1,0,0,0,0,2,2,9,210612 105901,贝洛蒂,0.0%,926,替,替补,Andrea Belotti,Forward,236750,Italy
1074255,2041881,119,147297,5,20,0,0,0,0,0,0,0,0,1,0,0,0,0,3,4,5,210612 105901,贝尔纳代斯基,0.0%,926,替,替补,Federico Bernardeschi,Forward,236750,Italy
1074262,2041881,119,171366,5,26,0,0,0,0,0,0,0,0,0,0,0,0,0,0,0,0,210612 105901,梅里特,0.0%,926,替,替补,Alex Meret,GK,236750,Italy
1074252,2041881,119,21155,5,1,0,0,0,0,0,0,0,0,0,0,0,0,0,0,0,0,210612 105901,西里古,0.0%,926,替,替补,Salvatore Sirigu,GK,236750,Italy
1074863,2041894,119,204936,1,21,0,0,0,0,0,0,0,0,0,2,1,0,0,28,40,90,210617 105901,多纳鲁马,0.0%,926,门,门将,Gianluigi Donnarumma,GK,236763,Italy
1074867,2041894,119,93661,2,2,1,0,0,0,1,0,0,0,1,3,0,2,3,47,52,90,210617 105901,迪洛伦佐,0%,926,卫,后卫,Giovanni Di Lorenzo,Defender,236763,Italy
1074864,2041894,119,18102,2,3,1,1,1,0,0,0,0,1,0,0,0,0,0,13,15,24,210617 105901,基耶里尼,100%,926,卫,后卫,Giorgio Chiellini,Defender,236763,Italy
1074866,2041894,119,28277,2,19,0,0,0,0,1,1,1,0,1,3,0,0,0,51,55,90,210617 105901,博努奇,0.0%,926,卫,后卫,Leonardo Bonucci,Defender,236763,Italy
1074865,2041894,119,84161,2,4,1,0,0,0,1,4,1,1,0,0,0,1,1,25,30,90,210617 105901,斯皮纳佐拉,0%,926,卫,后卫,Leonardo Spinazzola,Defender,236763,Italy
1074870,2041894,119,171384,3,18,0,0,0,1,2,0,0,1,0,0,0,1,2,43,52,87,210617 105901,尼科洛-巴雷拉,0.0%,926,中,中场,Nicolò Barella,Middle,236763,Italy
1074868,2041894,119,85955,3,8,0,0,0,0,0,1,1,1,5,0,0,0,1,63,70,90,210617 105901,若日尼奥,0.0%,926,中,中场,Jorginho,Middle,236763,Italy
1074869,2041894,119,171387,3,5,2,2,2,0,1,0,0,1,0,0,0,1,1,46,51,86,210617 105901,洛卡特利,100%,926,中,中场,Manuel Locatelli,Middle,236763,Italy
1074871,2041894,119,59046,4,17,4,1,1,0,0,0,0,1,1,0,0,0,0,26,30,90,210617 105901,因莫比莱,25%,926,锋,前锋,Ciro Immobile,Forward,236763,Italy
1074873,2041894,119,116796,4,11,3,0,0,1,1,4,1,3,1,0,0,0,0,19,23,70,210617 105901,贝拉尔迪,0%,926,锋,前锋,Domenico Berardi,Forward,236763,Italy
1074872,2041894,119,75592,4,10,2,0,0,0,1,0,0,0,0,0,0,0,0,42,51,69,210617 105901,因西涅,0%,926,锋,前锋,Lorenzo Insigne,Forward,236763,Italy
1074884,2041894,119,446969,5,22,0,0,0,0,0,0,0,0,0,0,0,0,0,0,0,0,210617 105901,拉斯帕多里,0.0%,926,替,替补,Giacomo Raspadori,Forward,236763,Italy
1074877,2041894,119,432105,5,12,0,0,0,0,0,0,0,0,0,0,0,0,0,1,3,4,210617 105901,佩西纳,0.0%,926,替,替补,Matteo Pessina,Middle,236763,Italy
1074883,2041894,119,215977,5,23,0,0,0,0,0,0,0,0,0,0,0,0,0,0,0,0,210617 105901,巴斯托尼,0.0%,926,替,替补,Alessandro Bastoni,Defender,236763,Italy
1074875,2041894,119,223541,5,14,0,0,0,0,1,0,0,1,1,0,0,0,1,6,7,21,210617 105901,基耶萨,0.0%,926,替,替补,Federico Chiesa,Forward,236763,Italy
1074885,2041894,119,171366,5,26,0,0,0,0,0,0,0,0,0,0,0,0,0,0,0,0,210617 105901,梅里特,0.0%,926,替,替补,Alex Meret,GK,236763,Italy
1074876,2041894,119,61118,5,25,0,0,0,1,1,0,0,0,0,1,0,2,2,5,6,20,210617 105901,拉斐尔-托洛伊,0.0%,926,替,替补,Rafael Tolói,Defender,236763,Italy
1074880,2041894,119,84178,5,15,0,0,0,0,0,0,0,0,1,1,0,0,0,34,39,66,210617 105901,阿切尔比,0.0%,926,替,替补,Francesco Acerbi,Defender,236763,Italy
1074878,2041894,119,109511,5,16,0,0,0,0,0,0,0,0,0,0,0,1,1,2,3,3,210617 105901,克里斯坦特,0.0%,926,替,替补,Bryan Cristante,Middle,236763,Italy
1074874,2041894,119,109533,5,13,0,0,0,0,0,0,0,0,0,0,0,0,0,0,0,0,210617 105901,埃默森,0.0%,926,替,替补,Emerson,Defender,236763,Italy
1074879,2041894,119,111722,5,9,0,0,0,0,0,0,0,0,0,0,0,0,0,0,0,0,210617 105901,贝洛蒂,0.0%,926,替,替补,Andrea Belotti,Forward,236763,Italy
1074881,2041894,119,147297,5,20,0,0,0,0,0,0,0,0,0,0,0,0,0,0,0,0,210617 105901,贝尔纳代斯基,0.0%,926,替,替补,Federico Bernardeschi,Forward,236763,Italy
1074882,2041894,119,21155,5,1,0,0,0,0,0,0,0,0,0,0,0,0,0,0,0,0,210617 105901,西里古,0.0%,926,替,替补,Salvatore Sirigu,GK,236763,Italy
1075323,2041906,119,204936,1,21,0,0,0,0,0,0,0,0,0,0,1,0,0,19,19,89,210621 075901,多纳鲁马,0.0%,926,门,门将,Gianluigi Donnarumma,GK,236774,Italy
1075327,2041906,119,61118,2,25,2,0,0,0,3,1,0,2,0,1,0,0,1,54,60,90,210621 075901,拉斐尔-托洛伊,0%,926,卫,后卫,Rafael Tolói,Defender,236774,Italy
1075326,2041906,119,109533,2,13,2,1,0,0,1,1,1,1,0,0,0,0,1,37,41,90,210621 075901,埃默森,50%,926,卫,后卫,Emerson,Defender,236774,Italy
1075324,2041906,119,28277,2,19,0,0,0,0,0,0,0,0,0,1,0,0,1,52,58,45,210621 075901,博努奇,0.0%,926,卫,后卫,Leonardo Bonucci,Defender,236774,Italy
1075325,2041906,119,215977,2,23,0,0,0,0,3,0,0,5,0,1,0,1,1,77,84,90,210621 075901,巴斯托尼,0.0%,926,卫,后卫,Alessandro Bastoni,Defender,236774,Italy
1075329,2041906,119,85955,3,8,0,0,0,0,2,2,2,3,2,0,0,1,1,50,51,75,210621 075901,若日尼奥,0.0%,926,中,中场,Jorginho,Middle,236774,Italy
1075328,2041906,119,432105,3,12,3,2,1,0,1,1,1,1,1,2,0,1,1,23,28,87,210621 075901,佩西纳,66.7%,926,中,中场,Matteo Pessina,Middle,236774,Italy
1075330,2041906,119,61170,3,6,2,0,0,1,5,2,2,1,2,0,0,2,4,103,110,90,210621 075901,维拉蒂,0%,926,中,中场,Marco Verratti,Middle,236774,Italy
1075331,2041906,119,111722,4,9,5,2,0,0,0,0,0,0,4,0,0,1,1,5,8,90,210621 075901,贝洛蒂,40%,926,锋,前锋,Andrea Belotti,Forward,236774,Italy
1075333,2041906,119,147297,4,20,3,0,0,0,2,1,1,0,1,1,0,1,1,20,25,75,210621 075901,贝尔纳代斯基,0%,926,锋,前锋,Federico Bernardeschi,Forward,236774,Italy
1075332,2041906,119,223541,4,14,4,1,0,0,2,6,3,0,0,0,0,0,0,24,28,90,210621 075901,基耶萨,25%,926,锋,前锋,Federico Chiesa,Forward,236774,Italy
1075336,2041906,119,446969,5,22,1,0,0,0,1,0,0,1,0,0,0,0,0,3,5,15,210621 075901,拉斯帕多里,0%,926,替,替补,Giacomo Raspadori,Forward,236774,Italy
1075342,2041906,119,195634,5,7,0,0,0,0,0,0,0,0,0,0,0,0,0,3,3,3,210621 075901,卡斯特罗维利,0.0%,926,替,替补,Gaetano Castrovilli,Middle,236774,Italy
1075340,2041906,119,171387,5,5,0,0,0,0,0,0,0,0,0,0,0,0,0,0,0,0,210621 075901,洛卡特利,0.0%,926,替,替补,Manuel Locatelli,Middle,236774,Italy
1075341,2041906,119,171384,5,18,0,0,0,0,0,0,0,0,0,0,0,0,0,0,0,0,210621 075901,尼科洛-巴雷拉,0.0%,926,替,替补,Nicolò Barella,Middle,236774,Italy
1075338,2041906,119,59046,5,17,0,0,0,0,0,0,0,0,0,0,0,0,0,0,0,0,210621 075901,因莫比莱,0.0%,926,替,替补,Ciro Immobile,Forward,236774,Italy
1075343,2041906,119,75592,5,10,0,0,0,0,0,0,0,0,0,0,0,0,0,0,0,0,210621 075901,因西涅,0.0%,926,替,替补,Lorenzo Insigne,Forward,236774,Italy
1075344,2041906,119,84161,5,4,0,0,0,0,0,0,0,0,0,0,0,0,0,0,0,0,210621 075901,斯皮纳佐拉,0.0%,926,替,替补,Leonardo Spinazzola,Defender,236774,Italy
1075335,2041906,119,84178,5,15,0,0,0,0,1,0,0,0,1,1,0,0,0,56,56,45,210621 075901,阿切尔比,0.0%,926,替,替补,Francesco Acerbi,Defender,236774,Italy
1075345,2041906,119,93661,5,2,0,0,0,0,0,0,0,0,0,0,0,0,0,0,0,0,210621 075901,迪洛伦佐,0.0%,926,替,替补,Giovanni Di Lorenzo,Defender,236774,Italy
1075339,2041906,119,109511,5,16,1,1,0,0,0,0,0,0,0,1,0,0,0,17,17,15,210621 075901,克里斯坦特,100%,926,替,替补,Bryan Cristante,Middle,236774,Italy
1075337,2041906,119,171366,5,26,0,0,0,0,0,0,0,0,0,0,0,0,0,0,0,0,210621 075901,梅里特,0.0%,926,替,替补,Alex Meret,GK,236774,Italy
1075334,2041906,119,21155,5,1,0,0,0,0,0,0,0,0,0,0,0,0,0,1,1,1,210621 075901,西里古,0.0%,926,替,替补,Salvatore Sirigu,GK,236774,Italy
1076423,2041917,119,204936,1,21,0,0,0,0,0,0,0,0,1,3,2,0,0,29,34,120,210627 105901,多纳鲁马,0.0%,926,门,门将,Gianluigi Donnarumma,GK,238846,Italy
1076424,2041917,119,93661,2,2,3,0,0,0,1,6,2,2,5,2,0,2,3,65,75,120,210627 105901,迪洛伦佐,0%,926,卫,后卫,Giovanni Di Lorenzo,Defender,238846,Italy
1076426,2041917,119,84178,2,15,1,0,0,1,2,0,0,0,1,5,0,1,2,79,86,120,210627 105901,阿切尔比,0%,926,卫,后卫,Francesco Acerbi,Defender,238846,Italy
1076427,2041917,119,84161,2,4,3,0,0,1,3,6,3,0,1,2,0,0,0,39,44,120,210627 105901,斯皮纳佐拉,0%,926,卫,后卫,Leonardo Spinazzola,Defender,238846,Italy
1076425,2041917,119,28277,2,19,1,0,0,0,0,1,1,0,0,3,0,0,0,50,56,120,210627 105901,博努奇,0%,926,卫,后卫,Leonardo Bonucci,Defender,238846,Italy
1076430,2041917,119,85955,3,8,0,0,0,0,0,1,0,1,3,1,0,0,2,101,110,120,210627 105901,若日尼奥,0.0%,926,中,中场,Jorginho,Middle,238846,Italy
1076428,2041917,119,61170,3,6,0,0,0,0,4,5,3,1,4,1,0,3,3,67,70,67,210627 105901,维拉蒂,0.0%,926,中,中场,Marco Verratti,Middle,238846,Italy
1076429,2041917,119,171384,3,18,2,1,0,0,2,1,0,1,2,0,0,0,0,21,28,67,210627 105901,尼科洛-巴雷拉,50%,926,中,中场,Nicolò Barella,Middle,238846,Italy
1076431,2041917,119,116796,4,11,3,0,0,0,3,1,0,1,1,1,0,0,0,22,28,84,210627 105901,贝拉尔迪,0%,926,锋,前锋,Domenico Berardi,Forward,238846,Italy
1076433,2041917,119,59046,4,17,3,0,0,0,1,0,0,2,0,0,0,0,1,18,23,84,210627 105901,因莫比莱,0%,926,锋,前锋,Ciro Immobile,Forward,238846,Italy
1076432,2041917,119,75592,4,10,4,2,0,0,4,4,1,0,0,0,0,0,0,40,53,108,210627 105901,因西涅,50%,926,锋,前锋,Lorenzo Insigne,Forward,238846,Italy
1076442,2041917,119,171366,5,26,0,0,0,0,0,0,0,0,0,0,0,0,0,0,0,0,210627 105901,梅里特,0.0%,926,替,替补,Alex Meret,GK,238846,Italy
1076435,2041917,119,432105,5,12,1,1,1,0,1,5,4,0,0,1,0,1,1,12,15,53,210627 105901,佩西纳,100%,926,替,替补,Matteo Pessina,Middle,238846,Italy
1076438,2041917,119,171387,5,5,1,0,0,0,1,0,0,1,0,2,0,3,4,18,19,53,210627 105901,洛卡特利,0%,926,替,替补,Manuel Locatelli,Middle,238846,Italy
1076440,2041917,119,223541,5,14,3,2,1,0,1,1,1,1,0,0,0,1,1,6,7,36,210627 105901,基耶萨,66.7%,926,替,替补,Federico Chiesa,Forward,238846,Italy
1076437,2041917,119,215977,5,23,0,0,0,0,0,0,0,0,0,0,0,0,0,0,0,0,210627 105901,巴斯托尼,0.0%,926,替,替补,Alessandro Bastoni,Defender,238846,Italy
1076444,2041917,119,446969,5,22,0,0,0,0,0,0,0,0,0,0,0,0,0,0,0,0,210627 105901,拉斯帕多里,0.0%,926,替,替补,Giacomo Raspadori,Forward,238846,Italy
1076434,2041917,119,61118,5,25,0,0,0,0,0,0,0,0,0,0,0,0,0,0,0,0,210627 105901,拉斐尔-托洛伊,0.0%,926,替,替补,Rafael Tolói,Defender,238846,Italy
1076436,2041917,119,21155,5,1,0,0,0,0,0,0,0,0,0,0,0,0,0,0,0,0,210627 105901,西里古,0.0%,926,替,替补,Salvatore Sirigu,GK,238846,Italy
1076439,2041917,119,109533,5,13,0,0,0,0,0,0,0,0,0,0,0,0,0,0,0,0,210627 105901,埃默森,0.0%,926,替,替补,Emerson,Defender,238846,Italy
1076441,2041917,119,111722,5,9,2,0,0,0,1,3,1,0,5,0,0,1,1,9,14,36,210627 105901,贝洛蒂,0%,926,替,替补,Andrea Belotti,Forward,238846,Italy
1076443,2041917,119,147297,5,20,0,0,0,0,0,0,0,0,0,0,0,0,0,0,0,0,210627 105901,贝尔纳代斯基,0.0%,926,替,替补,Federico Bernardeschi,Forward,238846,Italy
1076445,2041917,119,109511,5,16,0,0,0,0,1,0,0,0,0,0,0,0,0,2,5,12,210627 105901,克里斯坦特,0.0%,926,替,替补,Bryan Cristante,Middle,238846,Italy
1077645,2041926,119,204936,1,21,0,0,0,0,0,0,0,0,1,0,2,0,0,15,19,90,210703 105901,多纳鲁马,0.0%,926,门,门将,Gianluigi Donnarumma,GK,239130,Italy
1077649,2041926,119,84161,2,4,1,0,0,0,3,3,0,0,1,0,0,0,0,42,44,79,210703 105901,斯皮纳佐拉,0%,926,卫,后卫,Leonardo Spinazzola,Defender,239130,Italy
1077646,2041926,119,93661,2,2,1,0,0,0,0,0,0,4,3,5,0,2,7,33,43,90,210703 105901,迪洛伦佐,0%,926,卫,后卫,Giovanni Di Lorenzo,Defender,239130,Italy
1077647,2041926,119,28277,2,19,0,0,0,0,0,0,0,0,1,1,0,0,1,56,62,90,210703 105901,博努奇,0.0%,926,卫,后卫,Leonardo Bonucci,Defender,239130,Italy
1077648,2041926,119,18102,2,3,0,0,0,0,0,0,0,1,0,6,0,0,0,35,40,90,210703 105901,基耶里尼,0.0%,926,卫,后卫,Giorgio Chiellini,Defender,239130,Italy
1077652,2041926,119,61170,3,6,0,0,0,1,3,1,0,1,3,1,0,2,4,84,89,74,210703 105901,维拉蒂,0.0%,926,中,中场,Marco Verratti,Middle,239130,Italy
1077650,2041926,119,171384,3,18,1,1,1,1,2,3,3,1,1,0,0,0,0,39,45,90,210703 105901,尼科洛-巴雷拉,100%,926,中,中场,Nicolò Barella,Middle,239130,Italy
1077651,2041926,119,85955,3,8,0,0,0,0,1,1,1,0,3,2,0,0,1,70,71,90,210703 105901,若日尼奥,0.0%,926,中,中场,Jorginho,Middle,239130,Italy
1077654,2041926,119,75592,4,10,3,2,1,0,3,2,1,0,0,1,0,1,1,55,62,79,210703 105901,因西涅,66.7%,926,锋,前锋,Lorenzo Insigne,Forward,239130,Italy
1077653,2041926,119,223541,4,14,5,0,0,0,1,2,0,2,0,0,0,1,1,16,22,89,210703 105901,基耶萨,0%,926,锋,前锋,Federico Chiesa,Forward,239130,Italy
1077655,2041926,119,59046,4,17,3,0,0,0,1,0,0,1,0,1,0,0,0,17,23,74,210703 105901,因莫比莱,0%,926,锋,前锋,Ciro Immobile,Forward,239130,Italy
1077666,2041926,119,171366,5,26,0,0,0,0,0,0,0,0,0,0,0,0,0,0,0,0,210703 105901,梅里特,0.0%,926,替,替补,Alex Meret,GK,239130,Italy
1077667,2041926,119,147297,5,20,0,0,0,0,0,0,0,0,0,0,0,0,0,0,0,0,210703 105901,贝尔纳代斯基,0.0%,926,替,替补,Federico Bernardeschi,Forward,239130,Italy
1077665,2041926,119,432105,5,12,0,0,0,0,0,0,0,0,0,0,0,0,0,0,0,0,210703 105901,佩西纳,0.0%,926,替,替补,Matteo Pessina,Middle,239130,Italy
1077659,2041926,119,171387,5,5,0,0,0,0,0,0,0,0,0,0,0,0,0,0,0,0,210703 105901,洛卡特利,0.0%,926,替,替补,Manuel Locatelli,Middle,239130,Italy
1077664,2041926,119,215977,5,23,0,0,0,0,0,0,0,0,0,0,0,0,0,0,0,0,210703 105901,巴斯托尼,0.0%,926,替,替补,Alessandro Bastoni,Defender,239130,Italy
1077658,2041926,119,116796,5,11,0,0,0,0,0,0,0,1,1,2,0,0,0,0,1,11,210703 105901,贝拉尔迪,0.0%,926,替,替补,Domenico Berardi,Forward,239130,Italy
1077661,2041926,119,111722,5,9,0,0,0,0,0,1,0,1,0,0,0,0,0,0,1,16,210703 105901,贝洛蒂,0.0%,926,替,替补,Andrea Belotti,Forward,239130,Italy
1077662,2041926,119,61118,5,25,0,0,0,0,0,0,0,0,0,0,0,0,0,0,0,1,210703 105901,拉斐尔-托洛伊,0.0%,926,替,替补,Rafael Tolói,Defender,239130,Italy
1077657,2041926,119,84178,5,15,0,0,0,0,0,0,0,0,0,0,0,0,0,0,0,0,210703 105901,阿切尔比,0.0%,926,替,替补,Francesco Acerbi,Defender,239130,Italy
1077656,2041926,119,109511,5,16,0,0,0,0,0,0,0,1,0,0,0,0,0,3,6,16,210703 105901,克里斯坦特,0.0%,926,替,替补,Bryan Cristante,Middle,239130,Italy
1077660,2041926,119,109533,5,13,0,0,0,0,0,0,0,0,2,0,0,0,0,4,4,11,210703 105901,埃默森,0.0%,926,替,替补,Emerson,Defender,239130,Italy
1077663,2041926,119,21155,5,1,0,0,0,0,0,0,0,0,0,0,0,0,0,0,0,0,210703 105901,西里古,0.0%,926,替,替补,Salvatore Sirigu,GK,239130,Italy
1074632,2041889,118,212769,1,23,0,0,0,0,0,0,0,0,0,1,0,0,0,21,21,90,210615 105901,西蒙,0.0%,944,门,门将,Unai Simón,GK,236759,Spain
1074635,2041889,118,244954,2,4,0,0,0,0,0,0,0,0,0,1,0,1,3,108,117,90,210615 105901,保-托雷斯,0.0%,944,卫,后卫,Pau Torres,Defender,236759,Spain
1074636,2041889,118,52356,2,18,0,0,0,0,4,2,2,1,1,0,0,1,1,109,121,90,210615 105901,阿尔巴,0.0%,944,卫,后卫,Jordi Alba,Defender,236759,Spain
1074634,2041889,118,146941,2,24,0,0,0,0,0,0,0,0,0,1,0,1,1,115,119,90,210615 105901,拉波尔特,0.0%,944,卫,后卫,Aymeric Laporte,Defender,236759,Spain
1074633,2041889,118,192364,2,6,0,0,0,0,1,1,1,0,0,1,0,0,1,91,100,90,210615 105901,略伦特,0.0%,944,卫,后卫,Marcos Llorente,Defender,236759,Spain
1074639,2041889,118,490541,3,26,0,0,0,0,0,2,1,1,1,0,0,0,0,97,104,90,210615 105901,佩德里,0.0%,944,中,中场,Pedri,Middle,236759,Spain
1074637,2041889,118,220566,3,16,1,0,0,0,0,1,1,0,2,2,0,1,1,47,53,66,210615 105901,罗德里,0%,944,中,中场,Rodri,Middle,236759,Spain
1074638,2041889,118,77390,3,8,2,0,0,0,2,1,1,0,0,1,0,2,2,103,111,87,210615 105901,科克,0%,944,中,中场,Koke,Middle,236759,Spain
1074641,2041889,118,179370,4,19,5,2,0,0,2,1,0,1,2,0,0,0,0,28,40,74,210615 105901,奥尔莫,40%,944,锋,前锋,Dani Olmo,Forward,236759,Spain
1074642,2041889,118,224444,4,11,2,1,0,0,0,0,0,0,2,0,0,0,0,28,31,74,210615 105901,费兰-托雷斯,50%,944,锋,前锋,Ferran Torres,Forward,236759,Spain
1074640,2041889,118,88482,4,7,3,0,0,0,0,1,0,3,2,0,0,1,2,21,25,66,210615 105901,莫拉塔,0%,944,锋,前锋,Álvaro Morata,Forward,236759,Spain
1074648,2041889,118,41328,5,2,0,0,0,0,0,0,0,0,0,0,0,0,0,0,0,0,210615 105901,阿斯皮利奎塔,0.0%,944,替,替补,César Azpilicueta,Defender,236759,Spain
1074651,2041889,118,215059,5,13,0,0,0,0,0,0,0,0,0,0,0,0,0,0,0,0,210615 105901,罗伯特-桑切斯,0.0%,944,替,替补,Robert Sánchez,GK,236759,Spain
1074649,2041889,118,219000,5,21,0,0,0,0,0,1,1,0,0,0,0,0,0,11,14,16,210615 105901,奥亚萨瓦尔,0.0%,944,替,替补,Mikel Oyarzabal,Forward,236759,Spain
1074645,2041889,118,432656,5,12,0,0,0,0,0,0,0,0,0,0,0,0,0,0,0,0,210615 105901,埃里克-加西亚,0.0%,944,替,替补,Eric García,Defender,236759,Spain
1074646,2041889,118,159533,5,20,0,0,0,0,0,0,0,0,0,0,0,0,0,0,0,0,210615 105901,特劳雷,0.0%,944,替,替补,Adama Traoré,Forward,236759,Spain
1074647,2041889,118,88484,5,22,1,1,0,0,2,0,0,1,0,0,0,0,0,13,15,24,210615 105901,萨拉比亚,100%,944,替,替补,Pablo Sarabia,Forward,236759,Spain
1074654,2041889,118,61558,5,10,0,0,0,0,1,0,0,0,1,0,0,0,0,23,29,24,210615 105901,蒂亚戈,0.0%,944,替,替补,Thiago,Middle,236759,Spain
1074650,2041889,118,132105,5,14,0,0,0,0,0,0,0,0,0,0,0,0,0,0,0,0,210615 105901,加亚,0.0%,944,替,替补,José Gayà,Defender,236759,Spain
1074643,2041889,118,51940,5,1,0,0,0,0,0,0,0,0,0,0,0,0,0,0,0,0,210615 105901,德赫亚,0.0%,944,替,替补,David de Gea,GK,236759,Spain
1074652,2041889,118,149915,5,3,0,0,0,0,0,0,0,0,0,0,0,0,0,0,0,0,210615 105901,洛伦特,0.0%,944,替,替补,Diego Llorente,Defender,236759,Spain
1074644,2041889,118,93721,5,9,3,1,0,0,0,1,1,0,0,0,0,0,0,4,5,16,210615 105901,赫拉德-莫雷诺,33.3%,944,替,替补,Gerard Moreno,Forward,236759,Spain
1074653,2041889,118,201379,5,17,0,0,0,0,0,0,0,0,0,0,0,0,0,11,12,3,210615 105901,法比安,0.0%,944,替,替补,Fabián Ruiz,Middle,236759,Spain
1075277,2041902,118,212769,1,23,0,0,0,0,0,0,0,0,0,0,1,0,0,19,21,90,210620 105902,西蒙,0.0%,944,门,门将,Unai Simón,GK,236773,Spain
1075279,2041902,118,192364,2,6,0,0,0,0,1,1,1,2,0,1,0,2,2,92,100,90,210620 105902,略伦特,0.0%,944,卫,后卫,Marcos Llorente,Defender,236773,Spain
1075280,2041902,118,146941,2,24,0,0,0,0,0,0,0,3,2,1,0,0,0,55,59,90,210620 105902,拉波尔特,0.0%,944,卫,后卫,Aymeric Laporte,Defender,236773,Spain
1075278,2041902,118,244954,2,4,1,0,0,0,0,0,0,2,1,4,0,0,0,70,81,90,210620 105902,保-托雷斯,0%,944,卫,后卫,Pau Torres,Defender,236773,Spain
1075281,2041902,118,52356,2,18,0,0,0,0,1,0,0,0,2,3,0,1,1,83,95,90,210620 105902,阿尔巴,0.0%,944,卫,后卫,Jordi Alba,Defender,236773,Spain
1075282,2041902,118,77390,3,8,0,0,0,0,0,0,0,2,2,0,0,1,2,50,56,68,210620 105902,科克,0.0%,944,中,中场,Koke,Middle,236773,Spain
1075283,2041902,118,490541,3,26,0,0,0,0,1,0,0,0,3,0,0,0,0,73,79,90,210620 105902,佩德里,0.0%,944,中,中场,Pedri,Middle,236773,Spain
1075284,2041902,118,220566,3,16,1,1,0,0,1,0,0,2,1,0,0,0,0,65,72,90,210620 105902,罗德里,100%,944,中,中场,Rodri,Middle,236773,Spain
1075285,2041902,118,93721,4,9,4,0,0,1,2,3,0,1,2,0,0,2,2,34,39,68,210620 105902,赫拉德-莫雷诺,0%,944,锋,前锋,Gerard Moreno,Forward,236773,Spain
1075286,2041902,118,179370,4,19,1,1,0,0,0,4,2,1,1,0,0,0,1,24,32,61,210620 105902,奥尔莫,100%,944,锋,前锋,Dani Olmo,Forward,236773,Spain
1075287,2041902,118,88482,4,7,4,3,1,0,0,4,1,2,1,1,0,0,0,24,30,87,210620 105902,莫拉塔,75%,944,锋,前锋,Álvaro Morata,Forward,236773,Spain
1075290,2041902,118,215059,5,13,0,0,0,0,0,0,0,0,0,0,0,0,0,0,0,0,210620 105902,罗伯特-桑切斯,0.0%,944,替,替补,Robert Sánchez,GK,236773,Spain
1075293,2041902,118,61558,5,10,0,0,0,0,0,0,0,0,0,0,0,0,0,0,0,0,210620 105902,蒂亚戈,0.0%,944,替,替补,Thiago,Middle,236773,Spain
1075299,2041902,118,224444,5,11,1,0,0,0,0,0,0,1,0,0,0,0,0,8,9,29,210620 105902,费兰-托雷斯,0%,944,替,替补,Ferran Torres,Forward,236773,Spain
1075294,2041902,118,51940,5,1,0,0,0,0,0,0,0,0,0,0,0,0,0,0,0,0,210620 105902,德赫亚,0.0%,944,替,替补,David de Gea,GK,236773,Spain
1075289,2041902,118,41328,5,2,0,0,0,0,0,0,0,0,0,0,0,0,0,0,0,0,210620 105902,阿斯皮利奎塔,0.0%,944,替,替补,César Azpilicueta,Defender,236773,Spain
1075291,2041902,118,432656,5,12,0,0,0,0,0,0,0,0,0,0,0,0,0,0,0,0,210620 105902,埃里克-加西亚,0.0%,944,替,替补,Eric García,Defender,236773,Spain
1075297,2041902,118,201379,5,17,0,0,0,0,0,0,0,0,1,0,0,0,0,14,18,22,210620 105902,法比安,0.0%,944,替,替补,Fabián Ruiz,Middle,236773,Spain
1075298,2041902,118,132105,5,14,0,0,0,0,0,0,0,0,0,0,0,0,0,0,0,0,210620 105902,加亚,0.0%,944,替,替补,José Gayà,Defender,236773,Spain
1075296,2041902,118,88484,5,22,0,0,0,0,1,1,0,0,1,0,0,0,0,12,15,22,210620 105902,萨拉比亚,0.0%,944,替,替补,Pablo Sarabia,Forward,236773,Spain
1075292,2041902,118,149915,5,3,0,0,0,0,0,0,0,0,0,0,0,0,0,0,0,0,210620 105902,洛伦特,0.0%,944,替,替补,Diego Llorente,Defender,236773,Spain
1075295,2041902,118,159533,5,20,0,0,0,0,0,0,0,0,0,0,0,0,0,0,0,0,210620 105902,特劳雷,0.0%,944,替,替补,Adama Traoré,Forward,236773,Spain
1075288,2041902,118,219000,5,21,0,0,0,0,0,0,0,0,0,0,0,0,0,0,1,3,210620 105902,奥亚萨瓦尔,0.0%,944,替,替补,Mikel Oyarzabal,Forward,236773,Spain
1075844,2041913,118,212769,1,23,0,0,0,0,0,0,0,0,0,0,0,0,0,18,19,90,210624 075901,西蒙,0.0%,944,门,门将,Unai Simón,GK,236784,Spain
1075845,2041913,118,146941,2,24,1,1,1,0,1,0,0,1,0,0,0,0,0,88,89,90,210624 075901,拉波尔特,100%,944,卫,后卫,Aymeric Laporte,Defender,236784,Spain
1075847,2041913,118,432656,2,12,1,0,0,0,0,0,0,1,1,1,0,0,0,70,73,71,210624 075901,埃里克-加西亚,0%,944,卫,后卫,Eric García,Defender,236784,Spain
1075846,2041913,118,52356,2,18,0,0,0,1,1,0,0,2,0,0,0,0,2,55,65,90,210624 075901,阿尔巴,0.0%,944,卫,后卫,Jordi Alba,Defender,236784,Spain
1075848,2041913,118,41328,2,2,2,0,0,0,2,0,0,0,0,0,0,0,0,59,68,77,210624 075901,阿斯皮利奎塔,0%,944,卫,后卫,César Azpilicueta,Defender,236784,Spain
1075851,2041913,118,54104,3,5,0,0,0,0,2,0,0,1,2,0,0,0,1,44,51,71,210624 075901,布斯克茨,0.0%,944,中,中场,Sergio Busquets,Middle,236784,Spain
1075850,2041913,118,77390,3,8,1,0,0,0,1,0,0,2,3,0,0,2,2,65,71,90,210624 075901,科克,0%,944,中,中场,Koke,Middle,236784,Spain
1075849,2041913,118,490541,3,26,0,0,0,0,1,1,1,0,2,0,0,1,1,45,54,90,210624 075901,佩德里,0.0%,944,中,中场,Pedri,Middle,236784,Spain
1075854,2041913,118,93721,4,9,2,1,0,1,2,2,2,0,3,0,0,0,1,14,20,77,210624 075901,赫拉德-莫雷诺,50%,944,锋,前锋,Gerard Moreno,Forward,236784,Spain
1075853,2041913,118,88484,4,22,4,2,1,1,1,1,0,0,0,0,0,0,0,46,54,90,210624 075901,萨拉比亚,50%,944,锋,前锋,Pablo Sarabia,Forward,236784,Spain
1075852,2041913,118,88482,4,7,4,3,0,0,0,0,0,1,2,0,0,0,1,13,16,66,210624 075901,莫拉塔,75%,944,锋,前锋,Álvaro Morata,Forward,236784,Spain
1075862,2041913,118,224444,5,11,1,1,1,0,0,0,0,0,0,0,0,1,1,8,8,24,210624 075901,费兰-托雷斯,100%,944,替,替补,Ferran Torres,Forward,236784,Spain
1075857,2041913,118,244954,5,4,1,1,0,0,1,0,0,0,0,0,0,0,0,30,30,19,210624 075901,保-托雷斯,100%,944,替,替补,Pau Torres,Defender,236784,Spain
1075861,2041913,118,215059,5,13,0,0,0,0,0,0,0,0,0,0,0,0,0,0,0,0,210624 075901,罗伯特-桑切斯,0.0%,944,替,替补,Robert Sánchez,GK,236784,Spain
1075856,2041913,118,219000,5,21,1,1,0,0,0,1,1,0,0,0,0,0,0,3,3,13,210624 075901,奥亚萨瓦尔,100%,944,替,替补,Mikel Oyarzabal,Forward,236784,Spain
1075866,2041913,118,220566,5,16,0,0,0,0,0,0,0,0,0,0,0,0,0,0,0,0,210624 075901,罗德里,0.0%,944,替,替补,Rodri,Middle,236784,Spain
1075855,2041913,118,201379,5,17,0,0,0,0,0,0,0,0,0,0,0,0,0,0,0,0,210624 075901,法比安,0.0%,944,替,替补,Fabián Ruiz,Middle,236784,Spain
1075860,2041913,118,192364,5,6,0,0,0,0,0,0,0,0,0,0,0,0,0,0,0,0,210624 075901,略伦特,0.0%,944,替,替补,Marcos Llorente,Defender,236784,Spain
1075858,2041913,118,179370,5,19,0,0,0,0,0,0,0,0,0,0,0,0,0,0,0,0,210624 075901,奥尔莫,0.0%,944,替,替补,Dani Olmo,Forward,236784,Spain
1075859,2041913,118,61558,5,10,1,0,0,0,0,0,0,0,1,0,0,2,3,28,32,19,210624 075901,蒂亚戈,0%,944,替,替补,Thiago,Middle,236784,Spain
1075865,2041913,118,132105,5,14,0,0,0,0,0,0,0,0,0,0,0,0,0,0,0,0,210624 075901,加亚,0.0%,944,替,替补,José Gayà,Defender,236784,Spain
1075864,2041913,118,51940,5,1,0,0,0,0,0,0,0,0,0,0,0,0,0,0,0,0,210624 075901,德赫亚,0.0%,944,替,替补,David de Gea,GK,236784,Spain
1075863,2041913,118,159533,5,20,0,0,0,0,0,5,3,0,0,0,0,0,0,12,13,13,210624 075901,特劳雷,0.0%,944,替,替补,Adama Traoré,Forward,236784,Spain
1076835,2041922,118,212769,1,23,0,0,0,0,1,0,0,0,0,1,4,0,0,42,48,120,210629 075902,西蒙,0.0%,944,门,门将,Unai Simón,GK,238993,Spain
1076836,2041922,118,146941,2,24,0,0,0,0,0,0,0,0,0,4,0,0,0,126,136,120,210629 075902,拉波尔特,0.0%,944,卫,后卫,Aymeric Laporte,Defender,238993,Spain
1076838,2041922,118,132105,2,14,3,1,0,0,0,0,0,0,0,1,0,1,1,42,45,78,210629 075902,加亚,33.3%,944,卫,后卫,José Gayà,Defender,238993,Spain
1076837,2041922,118,432656,2,12,0,0,0,0,0,1,1,1,1,0,0,1,1,81,84,72,210629 075902,埃里克-加西亚,0.0%,944,卫,后卫,Eric García,Defender,238993,Spain
1076839,2041922,118,41328,2,2,2,2,1,0,1,1,0,1,0,1,0,1,3,60,73,120,210629 075902,阿斯皮利奎塔,100%,944,卫,后卫,César Azpilicueta,Defender,238993,Spain
1076840,2041922,118,490541,3,26,0,0,0,0,2,1,1,1,4,0,0,1,1,58,65,120,210629 075902,佩德里,0.0%,944,中,中场,Pedri,Middle,238993,Spain
1076841,2041922,118,54104,3,5,0,0,0,0,1,2,2,3,1,0,0,2,4,87,97,102,210629 075902,布斯克茨,0.0%,944,中,中场,Sergio Busquets,Middle,238993,Spain
1076842,2041922,118,77390,3,8,2,1,0,0,1,2,2,1,5,1,0,3,4,55,63,78,210629 075902,科克,50%,944,中,中场,Koke,Middle,238993,Spain
1076845,2041922,118,88482,4,7,4,2,1,0,2,2,0,1,8,0,0,2,2,27,31,120,210629 075902,莫拉塔,50%,944,锋,前锋,Álvaro Morata,Forward,238993,Spain
1076844,2041922,118,224444,4,11,1,1,1,1,4,3,1,1,2,0,0,2,2,18,24,88,210629 075902,费兰-托雷斯,100%,944,锋,前锋,Ferran Torres,Forward,238993,Spain
1076843,2041922,118,88484,4,22,3,1,1,0,2,0,0,0,1,0,0,2,2,32,36,72,210629 075902,萨拉比亚,33.3%,944,锋,前锋,Pablo Sarabia,Forward,238993,Spain
1076854,2041922,118,219000,5,21,3,1,1,0,2,1,1,0,1,0,0,0,0,20,22,32,210629 075902,奥亚萨瓦尔,33.3%,944,替,替补,Mikel Oyarzabal,Forward,238993,Spain
1076855,2041922,118,201379,5,17,1,0,0,0,0,1,1,1,1,0,0,0,0,28,30,42,210629 075902,法比安,0%,944,替,替补,Fabián Ruiz,Middle,238993,Spain
1076851,2041922,118,215059,5,13,0,0,0,0,0,0,0,0,0,0,0,0,0,0,0,0,210629 075902,罗伯特-桑切斯,0.0%,944,替,替补,Robert Sánchez,GK,238993,Spain
1076847,2041922,118,220566,5,16,0,0,0,0,0,0,0,0,0,0,0,1,1,24,26,18,210629 075902,罗德里,0.0%,944,替,替补,Rodri,Middle,238993,Spain
1076846,2041922,118,244954,5,4,0,0,0,1,1,0,0,0,0,1,0,0,0,37,39,48,210629 075902,保-托雷斯,0.0%,944,替,替补,Pau Torres,Defender,238993,Spain
1076853,2041922,118,192364,5,6,0,0,0,0,0,0,0,0,0,0,0,0,0,0,0,0,210629 075902,略伦特,0.0%,944,替,替补,Marcos Llorente,Defender,238993,Spain
1076857,2041922,118,52356,5,18,0,0,0,0,1,0,0,0,0,2,0,0,1,35,40,42,210629 075902,阿尔巴,0.0%,944,替,替补,Jordi Alba,Defender,238993,Spain
1076856,2041922,118,61558,5,10,0,0,0,0,0,0,0,0,0,0,0,0,0,0,0,0,210629 075902,蒂亚戈,0.0%,944,替,替补,Thiago,Middle,238993,Spain
1076849,2041922,118,93721,5,9,0,0,0,0,0,0,0,0,0,0,0,0,0,0,0,0,210629 075902,赫拉德-莫雷诺,0.0%,944,替,替补,Gerard Moreno,Forward,238993,Spain
1076850,2041922,118,149915,5,3,0,0,0,0,0,0,0,0,0,0,0,0,0,0,0,0,210629 075902,洛伦特,0.0%,944,替,替补,Diego Llorente,Defender,238993,Spain
1076852,2041922,118,179370,5,19,4,1,0,2,2,4,2,0,1,0,0,1,1,20,24,48,210629 075902,奥尔莫,25%,944,替,替补,Dani Olmo,Forward,238993,Spain
1076848,2041922,118,51940,5,1,0,0,0,0,0,0,0,0,0,0,0,0,0,0,0,0,210629 075902,德赫亚,0.0%,944,替,替补,David de Gea,GK,238993,Spain
1077599,2041925,118,212769,1,23,0,0,0,0,0,0,0,0,0,1,1,0,0,35,37,120,210703 075901,西蒙,0.0%,944,门,门将,Unai Simón,GK,239350,Spain
1077600,2041925,118,244954,2,4,1,0,0,0,0,0,0,0,0,1,0,2,2,144,152,113,210703 075901,保-托雷斯,0%,944,卫,后卫,Pau Torres,Defender,239350,Spain
1077602,2041925,118,146941,2,24,1,0,0,0,0,0,0,3,2,3,0,0,0,125,140,120,210703 075901,拉波尔特,0%,944,卫,后卫,Aymeric Laporte,Defender,239350,Spain
1077603,2041925,118,52356,2,18,2,1,1,0,4,2,0,2,1,2,0,1,1,100,108,120,210703 075901,阿尔巴,50%,944,卫,后卫,Jordi Alba,Defender,239350,Spain
1077601,2041925,118,41328,2,2,1,1,0,0,1,0,0,2,0,1,0,0,0,83,86,120,210703 075901,阿斯皮利奎塔,100%,944,卫,后卫,César Azpilicueta,Defender,239350,Spain
1077604,2041925,118,490541,3,26,0,0,0,0,5,1,0,1,1,1,0,1,5,84,92,119,210703 075901,佩德里,0.0%,944,中,中场,Pedri,Middle,239350,Spain
1077606,2041925,118,77390,3,8,2,0,0,1,4,0,0,0,0,0,0,1,1,61,68,90,210703 075901,科克,0%,944,中,中场,Koke,Middle,239350,Spain
1077605,2041925,118,54104,3,5,1,1,0,0,1,0,0,0,3,0,0,1,2,93,104,120,210703 075901,布斯克茨,100%,944,中,中场,Sergio Busquets,Middle,239350,Spain
1077609,2041925,118,88482,4,7,0,0,0,0,0,1,1,1,2,1,0,0,0,18,20,54,210703 075901,莫拉塔,0.0%,944,锋,前锋,Álvaro Morata,Forward,239350,Spain
1077608,2041925,118,224444,4,11,1,0,0,0,0,2,0,1,0,0,0,1,1,25,30,90,210703 075901,费兰-托雷斯,0%,944,锋,前锋,Ferran Torres,Forward,239350,Spain
1077607,2041925,118,88484,4,22,0,0,0,0,0,0,0,0,0,1,0,0,0,11,18,45,210703 075901,萨拉比亚,0.0%,944,锋,前锋,Pablo Sarabia,Forward,239350,Spain
1077613,2041925,118,215059,5,13,0,0,0,0,0,0,0,0,0,0,0,0,0,0,0,0,210703 075901,罗伯特-桑切斯,0.0%,944,替,替补,Robert Sánchez,GK,239350,Spain
1077619,2041925,118,432656,5,12,0,0,0,0,0,0,0,0,0,0,0,0,0,0,0,0,210703 075901,埃里克-加西亚,0.0%,944,替,替补,Eric García,Defender,239350,Spain
1077612,2041925,118,219000,5,21,3,2,0,0,2,1,1,0,0,0,0,0,0,18,18,30,210703 075901,奥亚萨瓦尔,66.7%,944,替,替补,Mikel Oyarzabal,Forward,239350,Spain
1077617,2041925,118,220566,5,16,1,0,0,0,0,0,0,0,0,0,0,0,0,3,3,1,210703 075901,罗德里,0%,944,替,替补,Rodri,Middle,239350,Spain
1077611,2041925,118,192364,5,6,3,1,0,0,3,2,1,3,1,0,0,0,0,14,14,30,210703 075901,略伦特,33.3%,944,替,替补,Marcos Llorente,Defender,239350,Spain
1077616,2041925,118,61558,5,10,0,0,0,0,0,0,0,0,0,0,0,0,0,11,14,7,210703 075901,蒂亚戈,0.0%,944,替,替补,Thiago,Middle,239350,Spain
1077614,2041925,118,93721,5,9,6,3,0,0,0,1,0,1,1,1,0,1,1,20,26,66,210703 075901,赫拉德-莫雷诺,50%,944,替,替补,Gerard Moreno,Forward,239350,Spain
1077620,2041925,118,132105,5,14,0,0,0,0,0,0,0,0,0,0,0,0,0,0,0,0,210703 075901,加亚,0.0%,944,替,替补,José Gayà,Defender,239350,Spain
1077610,2041925,118,149915,5,3,0,0,0,0,0,0,0,0,0,0,0,0,0,0,0,0,210703 075901,洛伦特,0.0%,944,替,替补,Diego Llorente,Defender,239350,Spain
1077618,2041925,118,159533,5,20,0,0,0,0,0,0,0,0,0,0,0,0,0,0,0,0,210703 075901,特劳雷,0.0%,944,替,替补,Adama Traoré,Forward,239350,Spain
1077621,2041925,118,179370,5,19,6,1,0,0,4,6,1,0,4,1,0,0,0,36,40,75,210703 075901,奥尔莫,16.7%,944,替,替补,Dani Olmo,Forward,239350,Spain
1077615,2041925,118,51940,5,1,0,0,0,0,0,0,0,0,0,0,0,0,0,0,0,0,210703 075901,德赫亚,0.0%,944,替,替补,David de Gea,GK,239350,Spain
